Sum,YearEnd,Hour,WeekDay,HaveDeviceId,EuropeAsiaCountryIp,Refund
4.99,2019,5.566666666666666,5,1,0,1
21.09,2019,7.433333333333334,5,1,0,1
13.52,2019,7.533333333333333,5,1,0,1
4.99,2020,12.683333333333334,5,1,1,1
29.99,2017,14.8,5,1,0,1
29.95,2017,14.9,5,1,0,1
4.99,2019,18.45,5,1,1,1
14.71,2023,19.183333333333334,5,1,0,1
14.71,2023,19.366666666666667,5,1,0,1
13.8,2023,19.366666666666667,5,0,0,1
20.59,2023,19.416666666666668,5,1,0,1
29.99,2017,20.016666666666666,5,1,0,1
29.99,2018,20.683333333333334,5,1,0,1
29.42,2023,20.766666666666666,5,1,0,1
58.86,2023,21.216666666666665,5,1,0,1
46.12,2019,21.983333333333334,5,0,1,1
29.94,2019,2.4333333333333336,6,1,0,1
10.79,2018,4.366666666666666,6,1,1,1
24.99,2018,7.733333333333333,6,0,0,1
29.99,2017,11.283333333333333,6,1,0,1
29.99,2018,13.533333333333333,6,1,0,1
29.99,2019,14.466666666666667,6,1,0,1
5.99,2018,14.5,6,1,1,1
5.99,2018,14.633333333333333,6,1,1,1
29.95,2019,14.683333333333334,6,1,0,1
5.99,2018,16.9,6,1,1,1
5.25,2022,17.95,6,1,0,1
52.5,2022,18.033333333333335,6,1,0,1
5.99,2018,18.766666666666666,6,1,1,1
15.0,2019,18.816666666666666,6,1,0,0
29.99,2017,18.816666666666666,6,1,0,1
7.99,2019,18.816666666666666,6,1,0,0
4.99,2022,18.816666666666666,6,1,0,0
6.24,2018,18.816666666666666,6,1,1,0
7.99,2017,18.816666666666666,6,1,0,0
1.66,2018,18.816666666666666,6,0,1,0
19.95,2020,18.816666666666666,6,1,0,0
2.49,2019,18.833333333333332,6,1,0,0
30.0,2021,18.833333333333332,6,1,0,0
5.99,2019,18.833333333333332,6,1,1,0
15.35,2018,18.833333333333332,6,1,1,0
3.1,2017,18.833333333333332,6,1,0,0
35.37,2018,18.833333333333332,6,1,1,0
0.5,2017,18.833333333333332,6,0,1,0
6.14,2017,18.833333333333332,6,1,1,0
4.99,2019,18.833333333333332,6,1,1,0
8.37,2018,18.833333333333332,6,0,1,0
63.67,2017,18.833333333333332,6,1,1,0
4.99,2020,18.85,6,1,1,0
9.88,2019,18.85,6,1,1,0
4.97,2018,18.85,6,1,1,0
9.99,2020,18.85,6,1,0,0
19.95,2020,18.85,6,1,0,0
6.24,2018,18.85,6,0,1,0
4.99,2018,18.85,6,1,1,0
5.86,2026,18.85,6,1,1,0
4.99,2017,18.85,6,1,0,0
3.35,2018,18.85,6,1,1,0
21.35,2018,18.85,6,1,1,0
0.71,2020,18.85,6,0,1,0
28.8,2018,18.85,6,1,1,0
0.16,2018,18.85,6,0,1,0
29.66,2018,18.85,6,1,1,0
0.68,2017,18.85,6,1,1,0
4.99,2019,18.85,6,1,1,0
6.77,2018,18.85,6,1,1,0
199.99,2019,18.85,6,1,0,0
1.67,2021,18.85,6,1,1,0
5.33,2018,18.85,6,1,1,0
15.77,2020,18.85,6,1,0,0
78.94,2021,18.85,6,1,0,0
6.24,2017,18.85,6,1,1,0
24.66,2018,18.85,6,1,1,0
0.83,2018,18.866666666666667,6,0,1,0
4.99,2022,18.866666666666667,6,1,1,0
3.35,2018,18.866666666666667,6,1,1,0
12.88,2017,18.866666666666667,6,1,1,0
32.02,2021,18.866666666666667,6,1,1,0
24.74,2019,18.866666666666667,6,1,1,0
4.99,2019,18.866666666666667,6,1,1,0
12.67,2019,18.866666666666667,6,1,1,0
10.49,2018,18.866666666666667,6,1,1,0
6.14,2019,18.866666666666667,6,1,1,0
1.86,2019,18.866666666666667,6,1,1,0
9.99,2017,18.866666666666667,6,1,1,0
0.83,2019,18.866666666666667,6,1,1,0
1.67,2019,18.866666666666667,6,0,1,0
0.98,2019,18.866666666666667,6,1,1,0
4.02,2021,18.866666666666667,6,0,1,0
15.0,2019,18.866666666666667,6,1,0,0
10.53,2019,18.866666666666667,6,1,0,0
0.17,2020,18.866666666666667,6,0,1,0
6.24,2018,18.866666666666667,6,1,1,0
20.11,2018,18.866666666666667,6,0,1,0
0.41,2018,18.883333333333333,6,0,1,0
99.99,2018,18.883333333333333,6,1,0,0
0.12,2019,18.883333333333333,6,0,1,0
148.63,2019,18.883333333333333,6,1,1,0
4.99,2022,18.883333333333333,6,1,1,0
0.16,2017,18.883333333333333,6,0,1,0
2.34,2019,18.883333333333333,6,1,1,0
19.99,2019,18.883333333333333,6,1,0,0
0.98,2018,18.883333333333333,6,1,1,0
100.0,2021,18.883333333333333,6,1,0,0
6.77,2018,18.883333333333333,6,1,1,0
5.99,2019,18.883333333333333,6,1,1,0
12.06,2020,18.9,6,1,1,0
8.37,2019,18.9,6,0,1,0
0.3,2024,18.9,6,0,0,0
5.6,2020,18.9,6,1,1,0
8.37,2018,18.9,6,1,1,0
2.49,2023,18.9,6,1,1,0
32.02,2021,18.9,6,1,1,0
0.83,2017,18.9,6,0,1,0
0.83,2018,18.9,6,0,1,0
16.75,2017,18.9,6,1,1,0
1.99,2018,18.9,6,1,0,0
15.08,2021,18.9,6,0,1,0
33.51,2019,18.9,6,1,1,0
0.16,2019,18.9,6,0,1,0
5.02,2017,18.9,6,1,1,0
8.37,2021,18.9,6,1,1,0
49.99,2021,18.9,6,1,0,0
4.99,2021,18.916666666666668,6,0,0,0
7.2,2017,18.916666666666668,6,1,1,0
5.99,2017,18.916666666666668,6,1,1,0
15.0,2018,18.916666666666668,6,1,0,0
209.99,2018,18.916666666666668,6,1,1,0
14.99,2019,18.916666666666668,6,1,0,0
14.99,2019,18.916666666666668,6,1,1,0
10.66,2017,18.916666666666668,6,0,1,0
14.26,2017,18.916666666666668,6,0,1,0
4.9,2019,18.916666666666668,6,1,0,0
99.99,2017,18.916666666666668,6,1,0,0
1.67,2018,18.916666666666668,6,0,1,0
5.93,2018,18.916666666666668,6,1,1,0
0.16,2019,18.916666666666668,6,0,1,0
1.97,2019,18.916666666666668,6,1,1,0
9.99,2019,18.916666666666668,6,1,0,0
4.99,2020,18.916666666666668,6,1,1,0
5.24,2022,18.916666666666668,6,1,1,0
8.37,2021,18.916666666666668,6,0,1,0
0.17,2025,18.933333333333334,6,0,0,0
14.99,2020,18.933333333333334,6,1,0,0
6.42,2017,18.933333333333334,6,1,1,0
0.83,2018,18.933333333333334,6,0,1,0
4.99,2019,18.933333333333334,6,1,0,0
4.99,2020,18.933333333333334,6,1,1,0
1.67,2020,18.933333333333334,6,0,1,0
4.01,2018,18.933333333333334,6,1,1,0
7.99,2020,18.933333333333334,6,1,0,0
6.9,2018,18.933333333333334,6,1,1,0
0.83,2019,18.933333333333334,6,0,1,0
8.39,2019,18.95,6,1,1,0
35.62,2019,18.95,6,1,1,0
0.17,2025,18.95,6,0,0,0
0.3,2024,18.95,6,0,0,0
5.99,2018,18.95,6,1,1,0
4.99,2019,18.95,6,1,0,0
0.83,2018,18.95,6,1,1,0
0.73,2017,18.95,6,1,1,0
10.08,2017,18.95,6,1,1,0
0.83,2021,18.95,6,1,1,0
3.35,2018,18.95,6,1,1,0
125.2,2018,18.95,6,0,1,0
4.99,2018,18.95,6,1,0,0
49.99,2017,18.95,6,1,0,0
8.37,2017,18.95,6,1,1,0
1.97,2017,18.95,6,1,1,0
1.67,2020,18.95,6,1,1,0
19.99,2019,18.95,6,1,0,0
25.0,2019,18.95,6,1,0,0
4.99,2020,18.95,6,1,1,0
0.17,2017,18.95,6,0,1,0
0.83,2019,18.966666666666665,6,1,1,0
0.16,2017,18.966666666666665,6,0,1,0
27.64,2019,18.966666666666665,6,1,1,0
30.23,2017,18.966666666666665,6,1,1,0
19.99,2021,18.966666666666665,6,1,0,0
4.99,2020,18.966666666666665,6,1,0,0
0.26,2022,18.966666666666665,6,0,1,0
19.99,2019,18.966666666666665,6,1,0,0
4.99,2018,18.966666666666665,6,1,0,0
2.51,2018,18.966666666666665,6,1,1,0
8.37,2017,18.966666666666665,6,1,1,0
3.35,2019,18.966666666666665,6,1,1,0
4.99,2019,18.966666666666665,6,1,1,0
8.27,2018,18.966666666666665,6,1,1,0
62.29,2019,18.966666666666665,6,1,1,0
1.34,2019,18.983333333333334,6,0,0,0
4.99,2020,18.983333333333334,6,1,0,0
3.35,2018,18.983333333333334,6,0,1,0
15.48,2019,18.983333333333334,6,1,0,0
22.99,2019,18.983333333333334,6,0,1,0
10.95,2019,18.983333333333334,6,0,0,0
49.99,2019,19.0,6,1,0,0
1.67,2020,19.0,6,0,1,0
10.55,2021,19.0,6,1,0,0
9.99,2019,19.0,6,1,0,0
4.99,2018,19.0,6,1,0,0
100.0,2021,19.0,6,1,0,0
24.95,2019,19.0,6,1,0,0
5.99,2018,19.0,6,1,1,0
33.5,2021,19.0,6,1,1,0
4.18,2018,19.0,6,1,1,0
24.99,2021,19.0,6,1,0,0
18.6,2020,19.0,6,1,0,0
5.02,2017,19.0,6,1,1,0
0.17,2020,19.0,6,0,1,0
28.72,2017,19.0,6,1,1,0
5.89,2018,19.0,6,1,1,0
6.7,2018,19.016666666666666,6,0,1,0
0.83,2018,19.016666666666666,6,0,1,0
4.99,2019,19.016666666666666,6,1,0,0
0.78,2021,19.016666666666666,6,0,0,0
0.88,2019,19.016666666666666,6,0,1,0
1.67,2018,19.016666666666666,6,0,1,0
4.99,2021,19.016666666666666,6,1,1,0
10.49,2018,19.016666666666666,6,1,1,0
128.86,2018,19.016666666666666,6,1,1,0
6.04,2019,19.016666666666666,6,1,1,0
6.14,2017,19.016666666666666,6,1,1,0
19.99,2018,19.016666666666666,6,1,0,0
0.16,2017,19.016666666666666,6,0,1,0
2.2,2017,19.016666666666666,6,1,1,0
6.3,2021,19.016666666666666,6,1,0,0
1.25,2017,19.016666666666666,6,0,1,0
29.94,2018,19.033333333333335,6,1,0,0
70.78,2018,19.033333333333335,6,1,1,0
30.0,2019,19.033333333333335,6,1,0,0
4.99,2019,19.033333333333335,6,1,0,0
2.76,2017,19.033333333333335,6,1,1,0
4.99,2020,19.033333333333335,6,1,0,0
0.35,2017,19.033333333333335,6,0,1,0
51.12,2017,19.033333333333335,6,1,1,0
8.37,2019,19.033333333333335,6,1,1,0
8.37,2018,19.033333333333335,6,1,1,0
24.99,2019,19.05,6,1,0,0
0.16,2018,19.05,6,0,1,0
15.08,2018,19.05,6,1,1,0
0.17,2018,19.05,6,0,1,0
1.95,2018,19.05,6,0,1,0
2.51,2021,19.05,6,1,1,0
63.67,2017,19.05,6,1,1,0
7.0,2025,19.05,6,1,0,0
26.69,2021,19.05,6,0,1,0
4.87,2018,19.05,6,0,1,0
70.0,2018,19.05,6,1,0,0
10.0,2017,19.05,6,0,0,0
21.0,2018,19.05,6,1,1,0
0.17,2020,19.05,6,0,1,0
1.38,2019,19.05,6,0,1,0
4.99,2020,19.05,6,1,0,0
1.67,2018,19.066666666666666,6,0,1,0
19.99,2023,19.066666666666666,6,1,0,0
50.27,2017,19.066666666666666,6,1,1,0
19.99,2019,19.066666666666666,6,1,0,0
0.83,2017,19.066666666666666,6,0,1,0
67.03,2017,19.066666666666666,6,1,1,0
1.67,2020,19.066666666666666,6,0,1,0
19.99,2019,19.066666666666666,6,1,0,0
9.99,2017,19.066666666666666,6,1,0,0
30.04,2018,19.066666666666666,6,1,1,0
2.99,2019,19.066666666666666,6,0,1,0
33.51,2019,19.066666666666666,6,1,1,0
4.99,2021,19.066666666666666,6,1,1,0
5.02,2019,19.066666666666666,6,1,1,0
19.93,2017,19.066666666666666,6,1,1,0
10.5,2021,19.066666666666666,6,1,0,0
9.99,2024,19.066666666666666,6,1,0,0
10.49,2019,19.066666666666666,6,1,1,0
1.67,2017,19.083333333333332,6,0,1,0
4.99,2021,19.083333333333332,6,1,1,0
4.99,2018,19.083333333333332,6,1,1,0
0.83,2021,19.083333333333332,6,1,1,0
5.02,2017,19.083333333333332,6,1,1,0
0.16,2021,19.083333333333332,6,0,1,0
0.3,2021,19.083333333333332,6,0,1,0
20.09,2017,19.083333333333332,6,1,1,0
8.37,2017,19.083333333333332,6,1,1,0
5.0,2021,19.083333333333332,6,1,1,0
9.88,2019,19.083333333333332,6,1,1,0
5.32,2024,19.083333333333332,6,1,1,0
30.0,2022,19.083333333333332,6,0,1,0
8.3,2019,19.083333333333332,6,1,1,0
12.56,2017,19.083333333333332,6,1,1,0
0.83,2020,19.083333333333332,6,1,1,0
4.9,2018,19.083333333333332,6,1,0,0
0.3,2024,19.083333333333332,6,0,0,0
5.99,2019,19.083333333333332,6,1,1,0
1.67,2018,19.083333333333332,6,0,1,0
7.7,2018,19.083333333333332,6,1,0,0
1.67,2019,19.083333333333332,6,1,1,0
4.18,2018,19.083333333333332,6,1,1,0
24.99,2021,19.083333333333332,6,1,0,0
4.99,2021,19.083333333333332,6,1,1,0
24.99,2021,19.083333333333332,6,1,0,0
29.94,2021,19.083333333333332,6,1,1,0
9.99,2020,19.083333333333332,6,1,0,0
14.99,2019,19.1,6,1,0,0
33.5,2019,19.1,6,1,1,0
4.99,2019,19.1,6,1,1,0
0.61,2017,19.1,6,0,1,0
2.68,2018,19.1,6,1,1,0
24.99,2020,19.1,6,1,0,0
4.86,2018,19.1,6,1,1,0
6.14,2020,19.1,6,1,1,0
2.67,2021,19.1,6,0,0,0
12.16,2017,19.1,6,1,1,0
0.84,2018,19.1,6,0,1,0
19.99,2020,19.1,6,1,0,0
5.94,2019,19.1,6,1,1,0
4.99,2018,19.1,6,1,0,0
25.87,2019,19.1,6,1,1,0
5.89,2018,19.1,6,1,1,0
0.83,2018,19.1,6,0,1,0
210.0,2017,19.116666666666667,6,1,1,0
0.16,2018,19.116666666666667,6,0,1,0
8.37,2019,19.116666666666667,6,1,1,0
31.2,2018,19.116666666666667,6,1,1,0
28.8,2020,19.116666666666667,6,1,1,0
0.61,2017,19.116666666666667,6,0,1,0
0.17,2019,19.116666666666667,6,0,1,0
99.99,2019,19.116666666666667,6,1,1,0
3.0,2021,19.116666666666667,6,0,1,0
19.99,2017,19.116666666666667,6,1,1,0
10.69,2021,19.116666666666667,6,1,1,0
34.99,2019,19.116666666666667,6,1,0,0
0.16,2018,19.116666666666667,6,0,1,0
8.37,2018,19.116666666666667,6,1,1,0
5.0,2018,19.116666666666667,6,0,0,0
14.07,2019,19.116666666666667,6,1,1,0
5.89,2018,19.116666666666667,6,1,1,0
10.0,2020,19.116666666666667,6,1,1,0
0.16,2017,19.116666666666667,6,0,1,0
1.76,2019,19.116666666666667,6,0,1,0
63.67,2017,19.116666666666667,6,1,1,0
9.99,2019,19.133333333333333,6,1,0,0
99.99,2020,19.133333333333333,6,1,0,0
20.0,2020,19.133333333333333,6,1,0,0
8.37,2018,19.133333333333333,6,1,1,0
126.66,2019,19.133333333333333,6,1,1,0
1.67,2020,19.133333333333333,6,0,1,0
10.51,2018,19.133333333333333,6,1,1,0
14.99,2018,19.133333333333333,6,1,0,0
26.68,2021,19.133333333333333,6,0,1,0
8.04,2017,19.133333333333333,6,0,1,0
59.94,2022,19.133333333333333,6,1,0,0
1.67,2017,19.133333333333333,6,1,1,0
10.66,2020,19.133333333333333,6,1,1,0
1.85,2020,19.15,6,1,1,0
53.62,2017,19.15,6,1,1,0
4.99,2022,19.15,6,1,1,0
99.99,2022,19.15,6,1,0,0
5.25,2021,19.15,6,1,0,0
1.25,2017,19.15,6,1,1,0
6.34,2018,19.15,6,1,1,0
8.37,2018,19.15,6,1,1,0
10.66,2017,19.15,6,1,1,0
10.0,2019,19.15,6,0,1,0
4.99,2020,19.15,6,1,1,0
1.0,2018,19.15,6,1,0,0
41.88,2019,19.15,6,1,1,0
5.89,2018,19.15,6,0,1,0
8.37,2018,19.15,6,1,1,0
0.88,2020,19.15,6,1,1,0
0.16,2018,19.15,6,0,1,0
4.99,2021,19.15,6,1,1,0
0.17,2018,19.166666666666668,6,0,1,0
0.83,2019,19.166666666666668,6,0,1,0
8.99,2018,19.166666666666668,6,1,1,0
4.99,2019,19.166666666666668,6,1,0,0
5.99,2017,19.166666666666668,6,1,1,0
2.49,2021,19.166666666666668,6,1,1,0
4.99,2018,19.166666666666668,6,1,1,0
8.04,2018,19.166666666666668,6,0,1,0
5.32,2020,19.166666666666668,6,1,1,0
15.82,2019,19.166666666666668,6,0,1,0
50.26,2019,19.166666666666668,6,1,1,0
147.36,2019,19.166666666666668,6,1,0,0
0.26,2018,19.166666666666668,6,0,1,0
59.99,2018,19.183333333333334,6,1,0,0
4.2,2021,19.183333333333334,6,1,1,0
9.85,2018,19.183333333333334,6,1,1,0
147.36,2018,19.183333333333334,6,1,0,0
1.67,2017,19.183333333333334,6,1,1,0
20.09,2021,19.183333333333334,6,1,1,0
6.0,2018,19.183333333333334,6,1,1,0
10.49,2018,19.183333333333334,6,1,1,0
53.39,2020,19.183333333333334,6,1,1,0
2.63,2026,19.183333333333334,6,1,1,0
147.36,2017,19.183333333333334,6,1,0,0
6.68,2018,19.183333333333334,6,1,1,0
36.6,2017,19.183333333333334,6,1,1,0
4.99,2018,19.183333333333334,6,1,0,0
4.99,2018,19.183333333333334,6,1,1,0
100.0,2021,19.183333333333334,6,1,0,0
4.99,2019,19.2,6,1,1,0
1.67,2017,19.2,6,0,1,0
13.0,2021,19.2,6,1,0,0
5.99,2019,19.2,6,1,1,0
5.24,2018,19.2,6,1,1,0
8.39,2019,19.2,6,1,1,0
8.37,2019,19.2,6,1,1,0
1.1,2017,19.2,6,1,1,0
24.99,2025,19.2,6,1,0,0
10.69,2019,19.2,6,1,1,0
5.02,2021,19.2,6,1,1,0
24.99,2019,19.2,6,1,0,0
11.2,2018,19.2,6,1,1,0
19.99,2024,19.216666666666665,6,1,0,0
1.1,2017,19.216666666666665,6,1,1,0
4.52,2019,19.216666666666665,6,1,1,0
0.83,2019,19.216666666666665,6,0,1,0
10.66,2017,19.216666666666665,6,1,1,0
20.0,2018,19.216666666666665,6,1,0,0
5.99,2019,19.216666666666665,6,1,1,0
9.95,2021,19.216666666666665,6,1,0,0
10.49,2018,19.216666666666665,6,1,1,0
49.99,2017,19.216666666666665,6,1,0,0
6.34,2019,19.216666666666665,6,1,1,0
10.49,2020,19.216666666666665,6,1,1,0
15.0,2018,19.216666666666665,6,1,1,0
6.42,2018,19.216666666666665,6,1,1,0
8.37,2017,19.216666666666665,6,0,1,0
0.98,2017,19.216666666666665,6,0,1,0
3.0,2025,19.216666666666665,6,0,0,0
8.41,2021,19.216666666666665,6,1,1,0
10.0,2018,19.216666666666665,6,1,0,0
30.0,2018,19.233333333333334,6,1,1,0
0.83,2018,19.233333333333334,6,1,1,0
6.03,2018,19.233333333333334,6,1,1,0
0.84,2018,19.233333333333334,6,0,1,0
0.83,2017,19.233333333333334,6,0,1,0
3.35,2018,19.233333333333334,6,0,1,0
2.99,2021,19.233333333333334,6,0,1,0
16.75,2018,19.233333333333334,6,1,1,0
3.93,2018,19.233333333333334,6,0,1,0
10.51,2018,19.233333333333334,6,1,0,0
12.4,2018,19.233333333333334,6,1,1,0
1.97,2017,19.233333333333334,6,1,1,0
0.88,2017,19.233333333333334,6,0,1,0
30.14,2019,19.233333333333334,6,1,1,0
4.9,2021,19.233333333333334,6,1,0,0
0.33,2018,19.233333333333334,6,0,1,0
6.24,2018,19.25,6,1,1,0
1.24,2019,19.25,6,0,1,0
99.99,2019,19.25,6,1,0,0
8.04,2019,19.25,6,0,1,0
5.94,2019,19.25,6,1,1,0
5.02,2019,19.25,6,1,1,0
21.78,2018,19.25,6,1,1,0
19.99,2020,19.25,6,1,0,0
10.0,2024,19.25,6,0,0,0
46.92,2020,19.25,6,0,1,0
0.26,2020,19.25,6,0,1,0
7.3,2017,19.25,6,1,1,0
34.99,2020,19.25,6,1,0,0
10.0,2024,19.25,6,1,1,0
1.67,2020,19.25,6,1,1,0
24.95,2019,19.25,6,1,0,0
25.12,2018,19.266666666666666,6,1,1,0
0.18,2017,19.266666666666666,6,0,1,0
44.92,2022,19.266666666666666,6,1,1,0
0.33,2017,19.266666666666666,6,0,1,0
0.88,2020,19.266666666666666,6,0,1,0
2.47,2020,19.266666666666666,6,1,1,0
2.51,2018,19.266666666666666,6,1,1,0
16.83,2021,19.266666666666666,6,1,1,0
4.99,2021,19.266666666666666,6,1,1,0
20.0,2020,19.266666666666666,6,1,0,0
3.35,2018,19.266666666666666,6,1,1,0
33.5,2019,19.266666666666666,6,0,1,0
1.67,2018,19.266666666666666,6,0,1,0
5.89,2017,19.266666666666666,6,1,1,0
20.99,2018,19.283333333333335,6,1,1,0
0.31,2019,19.283333333333335,6,0,1,0
6.3,2019,19.283333333333335,6,1,1,0
44.95,2018,19.283333333333335,6,1,0,0
49.99,2020,19.283333333333335,6,1,0,0
99.99,2019,19.283333333333335,6,1,1,0
20.0,2020,19.283333333333335,6,1,0,0
5.25,2019,19.283333333333335,6,1,1,0
3.35,2018,19.283333333333335,6,1,1,0
1.67,2018,19.283333333333335,6,1,1,0
5.02,2019,19.283333333333335,6,1,1,0
5.14,2017,19.283333333333335,6,1,1,0
1.95,2018,19.3,6,0,1,0
6.14,2020,19.3,6,1,1,0
6.14,2017,19.3,6,1,1,0
5.99,2018,19.3,6,1,1,0
8.36,2019,19.3,6,1,1,0
0.78,2021,19.3,6,0,0,0
4.99,2018,19.3,6,1,0,0
20.0,2020,19.3,6,1,0,0
24.99,2018,19.3,6,1,1,0
2.63,2020,19.3,6,0,0,0
4.35,2018,19.3,6,1,1,0
19.99,2020,19.3,6,1,0,0
30.0,2017,19.3,6,1,1,0
26.18,2026,19.3,6,1,1,0
19.77,2018,19.3,6,0,1,0
20.0,2018,19.3,6,1,0,0
99.99,2017,19.3,6,1,0,0
8.37,2017,19.3,6,1,1,0
0.88,2019,19.3,6,1,1,0
14.99,2020,19.3,6,1,0,0
5.99,2017,19.3,6,1,1,0
9.99,2018,19.3,6,1,0,0
21.78,2019,19.3,6,1,1,0
4.99,2020,19.316666666666666,6,1,0,0
9.99,2017,19.316666666666666,6,1,0,0
18.57,2020,19.316666666666666,6,1,1,0
20.0,2018,19.316666666666666,6,1,0,0
5.89,2021,19.316666666666666,6,1,1,0
1.67,2018,19.316666666666666,6,0,1,0
9.99,2019,19.316666666666666,6,1,0,0
8.0,2020,19.316666666666666,6,1,0,0
4.14,2017,19.316666666666666,6,0,1,0
5.89,2018,19.316666666666666,6,1,1,0
89.99,2018,19.316666666666666,6,1,0,0
8.37,2018,19.316666666666666,6,1,1,0
0.83,2018,19.333333333333332,6,1,1,0
12.06,2018,19.333333333333332,6,1,1,0
2.5,2017,19.333333333333332,6,1,0,0
33.81,2023,19.733333333333334,6,1,0,1
1.99,2018,19.766666666666666,6,1,0,1
31.5,2018,5.6,0,1,0,1
31.5,2018,5.616666666666667,0,1,0,1
2.61,2024,6.65,0,1,0,1
9.99,2017,7.55,0,0,0,1
29.99,2018,15.733333333333333,0,1,0,1
29.99,2017,16.466666666666665,0,1,0,1
29.94,2017,16.6,0,1,1,1
5.61,2020,16.716666666666665,0,1,1,1
22.43,2020,16.8,0,1,1,1
56.08,2020,16.983333333333334,0,1,1,1
29.95,2017,17.35,0,1,0,1
29.99,2018,17.9,0,1,0,1
29.95,2019,18.05,0,1,0,1
16.99,2019,18.65,0,0,0,1
29.95,2019,18.966666666666665,0,1,0,1
29.95,2018,19.3,0,1,0,1
52.5,2019,20.5,0,0,1,1
29.94,2017,20.55,0,1,1,1
31.5,2019,20.6,0,0,1,1
5.99,2018,21.3,0,1,1,1
56.21,2020,22.45,0,1,1,1
35.93,2018,0.38333333333333336,1,1,1,1
9.99,2020,0.65,1,1,0,1
31.5,2018,0.6666666666666666,1,1,0,1
31.5,2018,0.7166666666666667,1,1,0,1
225.64,2017,2.3666666666666667,1,1,0,1
31.5,2018,3.283333333333333,1,1,0,1
31.5,2018,3.3166666666666664,1,1,0,1
10.73,2020,5.116666666666666,1,1,0,1
10.73,2020,5.166666666666667,1,1,0,1
225.64,2021,5.733333333333333,1,1,0,1
31.5,2018,7.116666666666666,1,1,0,1
31.5,2018,7.116666666666666,1,1,0,1
31.5,2018,11.2,1,1,0,1
31.5,2018,11.233333333333333,1,1,0,1
100.0,2020,12.55,1,1,0,1
4.99,2020,13.833333333333334,1,1,1,1
29.94,2020,18.3,1,1,0,1
29.94,2020,18.35,1,1,0,1
11.28,2020,18.9,1,1,1,1
31.5,2018,18.983333333333334,1,1,0,1
4.99,2019,19.816666666666666,1,1,1,1
31.5,2018,20.0,1,1,0,1
29.99,2017,20.4,1,1,0,1
29.99,2018,20.983333333333334,1,1,0,1
13.21,2019,23.8,1,0,1,1
31.5,2018,23.8,1,1,0,1
50.0,2020,23.866666666666667,1,1,0,1
4.99,2020,0.16666666666666666,2,1,0,1
31.5,2018,2.783333333333333,2,1,0,1
14.97,2019,7.516666666666667,2,1,0,1
50.0,2019,8.883333333333333,2,1,0,1
46.5,2018,15.166666666666666,2,0,1,1
46.53,2020,15.483333333333333,2,0,1,1
44.3,2019,15.5,2,1,1,0
46.52,2020,15.5,2,0,1,1
52.5,2017,15.5,2,1,0,0
6.14,2018,15.5,2,1,1,0
17.39,2019,15.5,2,1,1,0
3.58,2019,15.5,2,0,1,0
0.84,2018,15.516666666666667,2,0,1,0
0.67,2018,15.516666666666667,2,0,1,0
1.51,2018,15.516666666666667,2,0,1,0
0.84,2018,15.516666666666667,2,1,1,0
2.1,2019,15.516666666666667,2,1,0,0
10.73,2019,15.516666666666667,2,1,1,0
8.43,2018,15.516666666666667,2,0,1,0
15.0,2018,15.516666666666667,2,1,0,0
4.99,2018,15.516666666666667,2,1,0,0
4.98,2019,15.516666666666667,2,1,1,0
0.74,2020,15.516666666666667,2,1,1,0
12.65,2018,15.516666666666667,2,1,1,0
46.52,2020,15.516666666666667,2,0,1,1
1.68,2019,15.516666666666667,2,0,1,0
2.42,2017,15.516666666666667,2,1,1,0
10.0,2020,15.516666666666667,2,1,1,0
10.1,2018,15.533333333333333,2,1,1,0
4.99,2019,15.533333333333333,2,1,1,0
6.23,2018,15.533333333333333,2,1,1,0
39.99,2021,15.533333333333333,2,1,1,0
21.93,2021,15.533333333333333,2,1,1,0
1.68,2021,15.533333333333333,2,0,1,0
25.1,2017,15.533333333333333,2,0,1,0
16.85,2018,15.533333333333333,2,1,1,0
1.99,2017,15.533333333333333,2,1,1,0
7.81,2019,15.533333333333333,2,1,1,0
50.0,2020,15.533333333333333,2,1,0,0
8.13,2019,15.533333333333333,2,1,1,0
8.43,2019,15.533333333333333,2,1,1,0
5.56,2021,15.533333333333333,2,1,1,0
9.42,2019,15.533333333333333,2,1,1,0
17.9,2017,15.533333333333333,2,1,1,0
5.92,2018,15.55,2,1,1,0
0.84,2018,15.55,2,1,1,0
46.53,2020,15.55,2,0,1,1
40.46,2019,15.55,2,1,1,0
1.0,2019,15.55,2,1,0,0
84.38,2019,15.55,2,1,1,0
16.18,2017,15.55,2,1,1,0
19.99,2019,15.55,2,1,1,0
7.48,2018,15.55,2,0,1,0
2.53,2020,15.55,2,0,1,0
1.05,2020,15.55,2,0,1,0
8.09,2019,15.55,2,0,1,0
10.5,2021,15.55,2,1,1,0
81.0,2018,15.566666666666666,2,0,1,0
26.83,2020,15.566666666666666,2,0,1,0
19.99,2017,15.566666666666666,2,1,0,0
107.32,2017,15.566666666666666,2,1,1,0
0.88,2019,15.566666666666666,2,1,1,0
0.84,2019,15.566666666666666,2,1,1,0
20.25,2017,15.566666666666666,2,0,1,0
5.99,2018,15.566666666666666,2,1,1,0
50.0,2020,15.566666666666666,2,1,0,0
10.11,2017,15.566666666666666,2,1,1,0
0.16,2018,15.566666666666666,2,0,1,0
0.39,2018,15.566666666666666,2,0,1,0
10.49,2018,15.566666666666666,2,1,1,0
16.87,2019,15.566666666666666,2,0,1,0
3.98,2023,15.566666666666666,2,0,1,0
10.1,2018,15.566666666666666,2,1,1,0
46.53,2020,15.566666666666666,2,0,1,1
2.02,2019,15.566666666666666,2,1,1,0
0.35,2021,15.566666666666666,2,0,1,0
4.99,2021,15.566666666666666,2,1,1,0
4.99,2017,15.566666666666666,2,1,1,0
4.99,2017,15.566666666666666,2,1,0,0
4.99,2023,15.566666666666666,2,1,1,0
2.08,2018,15.566666666666666,2,0,1,0
3.73,2017,15.583333333333334,2,0,1,0
9.55,2020,15.583333333333334,2,0,1,0
101.25,2019,15.583333333333334,2,1,1,0
1.99,2017,15.583333333333334,2,1,1,0
0.89,2019,15.583333333333334,2,1,1,0
4.99,2020,15.583333333333334,2,1,1,0
53.66,2019,15.6,2,1,1,0
24.95,2019,15.6,2,1,1,0
1.68,2019,15.6,2,0,1,0
2.42,2019,15.6,2,1,1,0
4.99,2020,15.6,2,1,0,0
4.38,2018,15.6,2,1,1,0
5.06,2017,15.6,2,0,1,0
4.99,2021,15.6,2,1,1,0
12.18,2017,15.6,2,1,1,0
5.89,2018,15.6,2,1,1,0
1.21,2018,15.6,2,1,1,0
101.25,2019,15.616666666666667,2,1,1,0
19.74,2018,15.616666666666667,2,1,1,0
2.32,2025,15.616666666666667,2,1,1,0
1.68,2019,15.616666666666667,2,0,1,0
26.83,2019,15.616666666666667,2,1,1,0
24.33,2019,15.616666666666667,2,1,1,0
7.86,2018,15.616666666666667,2,1,1,0
5.6,2019,15.616666666666667,2,1,1,0
78.94,2018,15.616666666666667,2,1,0,0
1.68,2018,15.616666666666667,2,0,0,0
0.84,2017,15.616666666666667,2,1,1,0
0.5,2018,15.616666666666667,2,0,1,0
0.42,2018,15.633333333333333,2,1,1,0
35.37,2017,15.633333333333333,2,1,1,0
5.99,2019,15.633333333333333,2,1,1,0
1.68,2017,15.633333333333333,2,0,1,0
199.99,2019,15.633333333333333,2,1,1,0
5.99,2019,15.633333333333333,2,1,1,0
4.99,2022,15.633333333333333,2,1,1,0
1.68,2018,15.633333333333333,2,0,1,0
2.81,2019,15.633333333333333,2,1,1,0
3.0,2018,15.633333333333333,2,0,1,0
0.84,2017,15.633333333333333,2,0,1,0
6.99,2019,15.633333333333333,2,1,0,0
3.34,2018,15.65,2,1,1,0
2.53,2018,15.65,2,1,1,0
5.25,2020,15.65,2,1,0,0
3.37,2018,15.65,2,1,1,0
8.9,2018,15.65,2,0,1,0
3.37,2019,15.65,2,1,1,0
17.92,2018,15.65,2,0,1,0
0.84,2018,15.65,2,1,1,0
1.05,2018,15.65,2,1,1,0
0.17,2019,15.65,2,0,1,0
5.24,2020,15.65,2,1,0,0
10.0,2019,15.666666666666666,2,1,0,0
0.16,2017,15.666666666666666,2,0,1,0
21.93,2018,15.666666666666666,2,1,1,0
42.17,2017,15.666666666666666,2,1,1,0
8.43,2020,15.666666666666666,2,1,1,0
0.8,2018,15.666666666666666,2,0,1,0
21.93,2018,15.666666666666666,2,1,1,0
5.25,2024,15.666666666666666,2,1,0,0
9.95,2017,15.666666666666666,2,1,1,0
5.0,2020,15.666666666666666,2,1,0,0
2.49,2020,15.666666666666666,2,1,1,0
4.99,2019,15.666666666666666,2,1,0,0
5.9,2019,15.683333333333334,2,1,1,0
0.17,2020,15.683333333333334,2,0,1,0
1.68,2019,15.683333333333334,2,1,1,0
9.99,2019,15.683333333333334,2,1,0,0
5.0,2017,15.683333333333334,2,1,1,0
8.42,2017,15.683333333333334,2,1,1,0
7.79,2021,15.683333333333334,2,1,0,0
29.87,2018,15.683333333333334,2,1,1,0
1.01,2019,15.683333333333334,2,1,1,0
81.0,2019,15.683333333333334,2,0,1,0
5.89,2017,15.683333333333334,2,1,1,0
0.16,2019,15.7,2,0,1,0
0.17,2020,15.7,2,0,1,0
0.84,2019,15.7,2,1,1,0
9.99,2021,15.7,2,1,0,0
10.0,2020,15.7,2,1,0,0
29.94,2017,15.7,2,1,0,0
5.04,2019,15.7,2,1,1,0
7.86,2019,15.7,2,1,1,0
0.33,2018,15.7,2,0,1,0
10.49,2020,15.7,2,1,0,0
24.52,2018,15.7,2,1,1,0
0.16,2018,15.716666666666667,2,0,1,0
29.94,2019,15.716666666666667,2,1,1,0
1.68,2019,15.716666666666667,2,0,1,0
16.87,2017,15.716666666666667,2,0,1,0
2.35,2017,15.716666666666667,2,1,1,0
16.87,2018,15.716666666666667,2,1,1,0
4.99,2019,15.716666666666667,2,1,0,0
8.0,2017,15.716666666666667,2,1,1,0
14.97,2020,15.733333333333333,2,1,0,0
50.0,2017,15.733333333333333,2,1,1,0
12.15,2018,15.733333333333333,2,0,1,0
3.03,2019,15.733333333333333,2,0,0,0
4.38,2019,15.733333333333333,2,1,1,0
6.24,2018,15.733333333333333,2,1,1,0
4.99,2018,15.733333333333333,2,1,1,0
0.18,2019,15.733333333333333,2,0,1,0
53.67,2019,15.733333333333333,2,0,0,0
10.59,2019,15.733333333333333,2,1,1,0
10.0,2020,15.733333333333333,2,1,0,0
25.31,2021,15.75,2,1,1,0
0.25,2019,15.75,2,0,1,0
9.93,2017,15.75,2,1,0,0
16.28,2020,15.75,2,1,1,0
53.67,2019,15.75,2,0,0,0
31.44,2021,15.75,2,1,1,0
10.49,2019,15.75,2,1,1,0
19.91,2018,15.75,2,1,1,0
5.06,2019,15.75,2,0,1,0
0.17,2020,15.75,2,0,1,0
1.68,2018,15.75,2,0,1,0
4.99,2018,15.766666666666667,2,1,0,0
2.89,2018,15.766666666666667,2,0,1,0
1.99,2018,15.766666666666667,2,1,1,0
32.18,2022,15.766666666666667,2,1,1,0
53.67,2019,15.766666666666667,2,0,0,0
3.37,2017,15.766666666666667,2,1,1,0
1.01,2017,15.766666666666667,2,0,1,0
16.87,2018,15.766666666666667,2,1,1,0
1.05,2020,15.766666666666667,2,0,1,0
4.99,2021,15.766666666666667,2,1,1,0
0.16,2019,15.766666666666667,2,0,1,0
1.42,2018,15.766666666666667,2,0,1,0
3.93,2019,15.766666666666667,2,1,1,0
5.89,2018,15.766666666666667,2,1,1,0
0.84,2019,15.766666666666667,2,0,1,0
3.37,2021,15.766666666666667,2,1,1,0
2.89,2018,15.783333333333333,2,0,1,0
4.38,2018,15.783333333333333,2,1,1,0
0.26,2018,15.783333333333333,2,0,1,0
56.38,2020,15.783333333333333,2,1,1,0
26.98,2019,15.783333333333333,2,1,1,0
14.97,2022,15.783333333333333,2,1,1,0
1.05,2018,15.783333333333333,2,1,1,0
21.45,2018,15.783333333333333,2,1,1,0
1.99,2018,15.783333333333333,2,1,1,0
157.39,2019,15.783333333333333,2,1,1,0
1.49,2020,15.783333333333333,2,1,0,0
10.96,2019,15.783333333333333,2,1,1,0
3.21,2020,15.783333333333333,2,0,1,0
4.19,2018,15.8,2,0,1,0
40.48,2019,15.8,2,1,1,0
10.96,2019,15.8,2,1,1,0
4.99,2018,15.8,2,1,1,0
16.87,2021,15.8,2,1,1,0
1.68,2019,15.8,2,0,1,0
4.2,2019,15.8,2,0,1,0
4.38,2017,15.8,2,1,1,0
2.53,2018,15.8,2,1,1,0
0.84,2018,15.8,2,0,1,0
5.06,2017,15.8,2,1,1,0
16.87,2020,15.816666666666666,2,1,1,0
0.84,2018,15.816666666666666,2,0,1,0
1.99,2018,15.816666666666666,2,1,1,0
0.16,2019,15.816666666666666,2,1,1,0
19.99,2019,15.816666666666666,2,1,0,0
105.0,2017,15.816666666666666,2,1,0,0
2.78,2020,15.816666666666666,2,1,1,0
2.04,2019,15.816666666666666,2,0,1,0
9.93,2017,15.816666666666666,2,1,0,0
4.99,2020,15.816666666666666,2,1,1,0
21.93,2019,15.816666666666666,2,1,1,0
4.99,2021,15.833333333333334,2,1,1,0
5.06,2019,15.833333333333334,2,1,1,0
8.43,2019,15.833333333333334,2,1,1,0
0.16,2017,15.833333333333334,2,0,1,0
1.8,2018,15.833333333333334,2,1,1,0
39.99,2022,15.833333333333334,2,1,1,0
3.37,2019,15.833333333333334,2,1,1,0
8.43,2017,15.833333333333334,2,1,1,0
16.87,2018,15.833333333333334,2,1,1,0
0.69,2018,15.833333333333334,2,1,1,0
5.99,2021,15.833333333333334,2,1,1,0
34.79,2018,15.833333333333334,2,1,1,0
19.23,2017,15.833333333333334,2,1,0,0
4.99,2020,15.85,2,1,0,0
1.68,2018,15.85,2,0,1,0
0.16,2018,15.85,2,1,1,0
4.38,2020,15.866666666666667,2,1,1,0
5.35,2017,15.866666666666667,2,1,1,0
7.93,2018,15.866666666666667,2,0,1,0
1.78,2018,15.866666666666667,2,0,1,0
0.89,2019,15.866666666666667,2,0,1,0
1.68,2019,15.866666666666667,2,0,1,0
6.75,2019,15.866666666666667,2,0,1,0
0.69,2018,15.866666666666667,2,1,1,0
12.81,2019,15.866666666666667,2,1,1,0
53.67,2019,15.866666666666667,2,0,0,0
7.99,2018,15.866666666666667,2,1,0,0
0.17,2019,15.866666666666667,2,0,1,0
2.42,2017,15.883333333333333,2,1,1,0
2.42,2018,15.883333333333333,2,1,1,0
4.38,2018,15.883333333333333,2,1,1,0
0.5,2018,15.883333333333333,2,1,1,0
9.99,2019,15.883333333333333,2,1,0,0
8.99,2019,15.883333333333333,2,1,1,0
5.99,2018,15.883333333333333,2,1,1,0
53.67,2019,15.883333333333333,2,0,0,0
49.36,2018,15.883333333333333,2,1,1,0
2.45,2017,15.883333333333333,2,1,1,0
5.99,2018,15.883333333333333,2,1,1,0
5.06,2018,15.883333333333333,2,1,1,0
4.99,2018,15.883333333333333,2,1,0,0
16.87,2019,15.883333333333333,2,1,1,0
20.99,2018,15.883333333333333,2,1,1,0
5.06,2019,15.883333333333333,2,1,1,0
0.84,2019,15.9,2,1,1,0
0.16,2019,15.9,2,0,1,0
10.61,2018,15.9,2,1,1,0
17.82,2017,15.9,2,1,1,0
16.87,2019,15.9,2,1,1,0
8.7,2017,15.9,2,0,1,0
14.97,2019,15.9,2,1,0,0
18.74,2019,15.9,2,1,1,0
0.84,2019,15.9,2,1,1,0
1.88,2020,15.9,2,1,1,0
1.05,2020,15.9,2,0,1,0
6.27,2017,15.916666666666666,2,1,1,0
16.85,2018,15.916666666666666,2,1,1,0
53.67,2019,15.916666666666666,2,0,0,0
2.68,2019,15.916666666666666,2,0,0,0
1.99,2018,15.916666666666666,2,1,1,0
0.84,2020,15.916666666666666,2,1,1,0
1.68,2018,15.916666666666666,2,0,1,0
1.06,2017,15.916666666666666,2,1,1,0
5.36,2017,15.916666666666666,2,1,1,0
5.31,2018,15.916666666666666,2,0,1,0
0.84,2019,15.916666666666666,2,1,1,0
6.24,2019,15.933333333333334,2,1,1,0
2.41,2017,15.933333333333334,2,1,1,0
2.53,2018,15.933333333333334,2,1,1,0
9.36,2019,15.933333333333334,2,1,1,0
4.99,2022,15.933333333333334,2,1,1,0
16.87,2018,15.933333333333334,2,1,1,0
9.36,2019,15.933333333333334,2,1,1,0
0.16,2017,15.933333333333334,2,0,1,0
0.84,2017,15.933333333333334,2,0,1,0
2.02,2017,15.933333333333334,2,0,1,0
6.75,2017,15.933333333333334,2,1,1,0
5.67,2017,15.933333333333334,2,1,1,0
0.92,2020,15.933333333333334,2,0,1,0
4.38,2020,15.95,2,1,1,0
1.68,2019,15.95,2,0,1,0
1.99,2018,15.95,2,1,1,0
2.02,2018,15.95,2,1,1,0
3.9,2017,15.95,2,1,1,0
16.87,2020,15.95,2,0,0,0
6.04,2020,15.95,2,1,1,0
1.99,2019,15.95,2,0,1,0
10.96,2018,15.95,2,1,1,0
1.99,2017,15.95,2,1,1,0
25.3,2017,15.95,2,1,1,0
4.99,2023,15.966666666666667,2,1,1,0
18.65,2019,15.966666666666667,2,0,1,0
5.06,2017,15.966666666666667,2,1,1,0
19.74,2019,15.966666666666667,2,1,1,0
4.99,2020,15.966666666666667,2,1,1,0
1.68,2018,15.966666666666667,2,0,0,0
4.99,2020,15.966666666666667,2,1,0,0
1.67,2018,15.966666666666667,2,1,1,0
0.84,2020,15.966666666666667,2,1,1,0
0.84,2018,15.966666666666667,2,1,1,0
10.73,2018,15.966666666666667,2,1,1,0
1.68,2020,15.966666666666667,2,1,1,0
26.98,2017,15.966666666666667,2,1,1,0
1.68,2018,15.966666666666667,2,0,1,0
0.17,2019,15.983333333333333,2,0,1,0
21.47,2019,15.983333333333333,2,0,0,0
4.21,2019,15.983333333333333,2,1,1,0
4.99,2018,15.983333333333333,2,1,1,0
19.91,2019,15.983333333333333,2,1,1,0
52.49,2019,15.983333333333333,2,1,0,0
12.65,2018,15.983333333333333,2,1,1,0
4.38,2017,15.983333333333333,2,1,1,0
6.47,2018,15.983333333333333,2,1,1,0
1.99,2018,15.983333333333333,2,1,1,0
7.99,2019,15.983333333333333,2,1,0,0
1.99,2018,15.983333333333333,2,1,1,0
4.99,2025,15.983333333333333,2,1,1,0
21.47,2019,15.983333333333333,2,0,0,0
2.02,2020,16.0,2,1,1,0
0.18,2017,16.0,2,0,1,0
2.42,2017,16.0,2,1,1,0
4.99,2023,16.0,2,1,1,0
2.06,2021,16.0,2,0,1,0
14.96,2020,16.0,2,1,1,0
17.0,2018,16.0,2,1,1,0
6.64,2018,16.0,2,1,1,0
4.99,2020,16.0,2,1,0,0
101.25,2017,16.0,2,1,1,0
1.68,2017,16.0,2,0,1,0
0.89,2018,16.0,2,0,1,0
1.99,2018,16.0,2,1,1,0
4.05,2018,16.0,2,0,1,0
0.84,2018,16.0,2,1,1,0
9.45,2019,16.0,2,1,0,0
6.24,2019,16.0,2,1,1,0
53.61,2018,16.016666666666666,2,1,1,0
0.84,2020,16.016666666666666,2,0,1,0
4.99,2018,16.016666666666666,2,1,0,0
101.25,2017,16.016666666666666,2,1,1,0
0.84,2017,16.016666666666666,2,1,1,0
1.68,2019,16.016666666666666,2,1,1,0
6.75,2017,16.016666666666666,2,0,1,0
21.47,2019,16.016666666666666,2,0,0,0
31.54,2018,16.016666666666666,2,1,0,0
0.69,2018,16.016666666666666,2,1,1,0
0.84,2019,16.016666666666666,2,1,1,0
4.38,2017,16.033333333333335,2,1,1,0
5.99,2017,16.033333333333335,2,1,1,0
8.86,2019,16.033333333333335,2,0,1,0
19.91,2018,16.033333333333335,2,1,1,0
9.99,2018,16.033333333333335,2,1,0,0
1.05,2020,16.033333333333335,2,0,1,0
0.84,2019,16.033333333333335,2,1,1,0
8.43,2019,16.033333333333335,2,1,1,0
5.99,2017,16.033333333333335,2,1,1,0
4.99,2020,16.033333333333335,2,1,1,0
25.31,2018,16.033333333333335,2,1,1,0
13.94,2019,16.033333333333335,2,1,1,0
0.84,2019,16.05,2,0,1,0
29.33,2018,16.05,2,0,1,0
4.38,2019,16.05,2,1,1,0
0.4,2018,16.05,2,0,1,0
5.62,2019,16.05,2,1,1,0
3.14,2018,16.05,2,0,1,0
16.87,2018,16.05,2,1,1,0
1.8,2019,16.05,2,0,1,0
16.87,2018,16.05,2,1,1,0
4.38,2019,16.066666666666666,2,1,1,0
10.96,2017,16.066666666666666,2,1,1,0
1.68,2018,16.066666666666666,2,0,1,0
0.4,2018,16.066666666666666,2,0,1,0
0.33,2021,16.066666666666666,2,0,1,0
0.84,2017,16.066666666666666,2,1,1,0
17.8,2017,16.066666666666666,2,0,1,0
10.12,2018,16.066666666666666,2,1,1,0
3.41,2018,16.066666666666666,2,1,1,0
5.04,2018,16.066666666666666,2,1,1,0
5.99,2020,16.066666666666666,2,1,1,0
6.27,2017,16.066666666666666,2,1,1,0
0.84,2019,16.066666666666666,2,1,1,0
5.49,2020,16.083333333333332,2,1,1,0
2.84,2021,16.083333333333332,2,0,1,0
20.25,2021,16.083333333333332,2,0,1,0
9.28,2017,16.083333333333332,2,1,1,0
8.43,2019,16.083333333333332,2,1,1,0
0.84,2018,16.083333333333332,2,1,1,0
5.89,2018,16.083333333333332,2,1,1,0
0.3,2018,16.083333333333332,2,0,1,0
4.99,2019,16.1,2,1,0,0
5.06,2017,16.1,2,1,1,0
8.1,2019,16.1,2,0,1,0
118.56,2021,16.1,2,1,1,0
6.24,2018,16.1,2,1,1,0
4.38,2019,16.1,2,1,1,0
50.0,2019,16.1,2,1,1,0
1.68,2017,16.1,2,0,1,0
4.99,2021,16.1,2,1,1,0
1.68,2018,16.1,2,1,1,0
3.0,2020,16.1,2,1,1,0
8.43,2017,16.1,2,0,1,0
2.41,2019,16.1,2,1,1,0
0.84,2017,16.1,2,0,1,0
0.2,2018,16.1,2,0,1,0
0.16,2019,16.116666666666667,2,0,1,0
11.26,2020,16.116666666666667,2,1,1,0
0.16,2021,16.116666666666667,2,0,1,0
16.88,2020,16.116666666666667,2,0,1,0
35.37,2019,16.116666666666667,2,1,1,0
0.18,2019,16.116666666666667,2,0,1,0
13.99,2020,16.116666666666667,2,1,1,0
3.0,2024,16.116666666666667,2,0,0,0
2.99,2020,16.116666666666667,2,1,1,0
40.0,2019,16.116666666666667,2,1,1,0
118.56,2021,16.116666666666667,2,1,1,0
4.99,2019,16.133333333333333,2,1,0,0
4.99,2018,16.133333333333333,2,1,1,0
16.87,2020,16.133333333333333,2,0,0,0
52.86,2021,16.133333333333333,2,1,1,0
0.35,2019,16.133333333333333,2,0,1,0
0.84,2018,16.133333333333333,2,0,1,0
0.84,2018,16.133333333333333,2,1,1,0
53.66,2019,16.133333333333333,2,1,1,0
0.16,2019,16.133333333333333,2,0,1,0
30.36,2019,16.133333333333333,2,0,1,0
0.16,2018,16.133333333333333,2,0,1,0
53.67,2019,16.133333333333333,2,0,0,0
8.1,2019,16.15,2,0,1,0
5.89,2021,16.15,2,1,1,0
1.99,2018,16.15,2,1,1,0
50.0,2019,16.15,2,1,0,0
0.84,2018,16.15,2,1,1,0
6.24,2019,16.15,2,1,1,0
4.99,2018,16.15,2,1,1,0
10.11,2019,16.15,2,0,1,0
2.1,2019,16.15,2,0,1,0
53.67,2019,16.15,2,0,0,0
7.31,2018,16.15,2,0,1,0
10.96,2019,16.166666666666668,2,1,1,0
9.95,2019,16.166666666666668,2,0,1,0
5.03,2019,16.166666666666668,2,0,1,0
1.78,2019,16.166666666666668,2,0,1,0
4.38,2017,16.166666666666668,2,1,1,0
16.87,2019,16.166666666666668,2,1,1,0
1.05,2020,16.166666666666668,2,0,1,0
5.99,2019,16.183333333333334,2,1,1,0
21.45,2019,16.183333333333334,2,1,1,0
1.68,2019,16.183333333333334,2,1,1,0
0.84,2018,16.183333333333334,2,1,1,0
1.77,2018,16.183333333333334,2,0,1,0
9.36,2019,16.183333333333334,2,1,1,0
4.38,2017,16.183333333333334,2,1,1,0
2.2,2017,16.183333333333334,2,0,1,0
4.99,2019,16.183333333333334,2,1,0,0
2.53,2019,16.183333333333334,2,1,1,0
4.89,2019,16.183333333333334,2,1,1,0
0.73,2017,16.2,2,0,1,0
6.24,2020,16.2,2,1,1,0
56.38,2020,16.783333333333335,2,1,1,1
9.99,2018,22.883333333333333,2,1,1,1
5.24,2018,23.216666666666665,2,1,1,1
4.99,2018,2.1666666666666665,3,1,0,1
20.98,2019,3.85,3,1,0,1
19.99,2021,7.2,3,1,0,1
47.99,2019,8.783333333333333,3,1,1,1
50.0,2019,9.9,3,1,1,1
19.99,2019,10.25,3,1,0,1
19.99,2019,10.3,3,1,0,1
4.99,2018,17.083333333333332,3,1,1,1
19.99,2018,17.183333333333334,3,1,1,1
49.99,2018,17.2,3,1,1,1
13.52,2021,18.083333333333332,3,1,0,1
7.72,2021,18.483333333333334,3,1,0,1
10.48,2020,19.15,3,0,1,1
4.16,2021,20.466666666666665,3,1,0,1
29.94,2017,20.85,3,1,1,1
29.94,2017,20.9,3,1,1,1
19.99,2018,22.5,3,1,1,1
7.72,2021,22.566666666666666,3,1,0,1
69.99,2018,22.75,3,1,1,1
52.49,2018,22.833333333333332,3,1,1,1
29.94,2017,23.05,3,1,1,1
17.97,2019,0.2833333333333333,4,1,1,1
49.99,2018,0.6833333333333333,4,1,1,1
14.97,2019,1.5333333333333332,4,1,0,1
7.86,2020,1.55,4,1,0,1
4.15,2021,1.7666666666666666,4,1,0,1
52.5,2017,2.8333333333333335,4,1,0,1
52.5,2017,2.9,4,1,0,1
52.5,2017,2.95,4,1,0,1
7.71,2021,4.166666666666667,4,1,0,1
4.99,2021,5.933333333333334,4,1,0,1
4.99,2020,7.166666666666667,4,1,0,1
4.99,2020,7.266666666666667,4,1,0,1
29.94,2017,13.65,4,1,1,1
3.14,2018,14.4,4,1,0,1
19.99,2018,14.983333333333333,4,1,1,1
19.99,2018,15.016666666666667,4,1,1,1
71.43,2021,18.283333333333335,4,1,0,1
5.97,2018,19.533333333333335,4,1,0,1
7.71,2021,19.666666666666668,4,1,0,1
5.94,2018,21.883333333333333,4,1,1,1
13.5,2018,22.766666666666666,4,1,0,1
105.0,2017,22.866666666666667,4,1,0,1
5.94,2021,23.166666666666668,4,1,1,1
4.99,2020,5.616666666666667,5,1,0,1
224.0,2020,6.15,5,1,0,1
99.99,2019,6.766666666666667,5,1,1,1
4.15,2021,7.15,5,1,0,1
49.99,2019,9.616666666666667,5,1,1,1
19.99,2019,9.766666666666667,5,1,1,1
19.99,2019,9.9,5,1,1,1
19.99,2019,10.3,5,1,1,1
7.78,2018,15.05,5,1,0,1
20.0,2021,15.583333333333334,5,1,0,1
5.99,2018,17.966666666666665,5,1,1,1
7.99,2019,18.133333333333333,5,1,0,1
4.15,2021,18.466666666666665,5,1,0,1
7.7,2021,19.333333333333332,5,1,0,1
15.7,2021,21.833333333333332,5,1,0,1
4.99,2017,0.2833333333333333,6,1,1,1
4.99,2019,0.7833333333333333,6,1,0,1
4.99,2019,0.9166666666666666,6,1,0,1
15.7,2023,1.05,6,1,0,1
15.7,2023,1.1666666666666667,6,1,0,1
4.99,2020,3.05,6,1,0,1
4.99,2019,7.216666666666667,6,1,0,1
49.99,2019,9.783333333333333,6,1,0,1
49.99,2019,10.2,6,1,0,1
29.94,2018,18.35,6,1,1,1
4.99,2018,19.516666666666666,6,1,0,1
50.0,2019,20.35,6,1,0,1
4.99,2019,21.716666666666665,6,1,0,1
4.15,2021,22.983333333333334,6,1,0,1
29.94,2019,23.983333333333334,6,1,0,1
29.94,2019,0.4166666666666667,0,1,0,1
4.99,2018,4.616666666666667,0,1,0,1
4.99,2021,7.366666666666666,0,1,0,1
4.99,2020,7.366666666666666,0,1,0,1
4.99,2018,7.383333333333334,0,1,0,1
4.99,2018,7.383333333333334,0,1,0,1
4.99,2023,7.383333333333334,0,1,1,1
4.99,2020,14.25,0,1,0,1
10.5,2017,22.3,0,1,0,1
4.99,2018,1.5833333333333335,1,1,0,1
3.37,2021,1.85,1,1,0,1
20.0,2018,4.433333333333334,1,1,0,1
10.06,2017,4.8,1,1,0,1
14.97,2021,6.633333333333333,1,1,0,1
0.5,2021,15.266666666666667,1,1,1,1
46.02,2019,16.766666666666666,1,0,1,1
20.0,2018,19.366666666666667,1,1,0,1
4.99,2020,21.65,1,1,1,1
14.97,2019,22.383333333333333,1,1,1,1
56.46,2020,22.7,1,1,1,1
29.94,2019,22.766666666666666,1,1,1,1
56.46,2020,22.8,1,1,1,1
56.46,2020,22.95,1,1,1,1
5.99,2018,23.0,1,1,1,1
29.94,2019,23.483333333333334,1,1,0,1
6.14,2018,23.55,1,1,1,1
6.24,2019,0.75,2,1,1,1
50.0,2018,2.7333333333333334,2,1,0,1
34.99,2019,2.783333333333333,2,1,0,1
124.97,2019,3.783333333333333,2,1,1,1
124.97,2019,4.116666666666666,2,1,1,1
4.99,2018,6.466666666666667,2,1,1,1
20.0,2018,6.6,2,1,0,1
5.0,2018,6.766666666666667,2,1,0,1
20.0,2018,6.8,2,1,0,1
5.0,2018,6.9,2,1,0,1
20.0,2018,7.3,2,1,0,1
24.99,2017,7.583333333333333,2,0,0,1
24.99,2018,7.6,2,0,0,1
24.99,2018,7.7,2,0,0,1
24.99,2017,7.75,2,0,0,1
38.11,2022,15.183333333333334,2,1,0,1
4.99,2017,15.333333333333334,2,0,0,1
4.99,2020,18.3,2,1,1,1
4.99,2017,22.066666666666666,2,1,0,1
6.04,2019,22.066666666666666,2,1,1,1
5.99,2018,22.1,2,1,1,1
6.24,2017,22.116666666666667,2,1,1,1
6.24,2017,22.15,2,1,1,1
14.97,2021,22.15,2,1,0,1
4.99,2019,23.333333333333332,2,1,1,1
100.0,2018,3.5,3,1,0,1
10.0,2018,3.7666666666666666,3,1,0,1
50.0,2018,3.9333333333333336,3,1,0,1
5.66,2020,4.983333333333333,3,1,0,1
113.22,2020,5.066666666666666,3,1,0,1
20.0,2018,6.266666666666667,3,1,0,1
50.0,2018,6.783333333333333,3,1,0,1
50.0,2018,7.45,3,1,0,1
12.69,2022,8.0,3,1,1,1
6.34,2022,8.533333333333333,3,1,0,1
5.34,2017,9.516666666666667,3,1,1,1
100.0,2017,11.833333333333334,3,1,0,1
19.99,2021,19.0,3,1,0,1
98.93,2020,19.016666666666666,3,1,0,1
20.0,2020,20.833333333333332,3,1,0,1
10.53,2020,22.733333333333334,3,0,1,1
17.91,2020,23.333333333333332,3,0,1,1
21.07,2020,23.766666666666666,3,0,1,1
4.99,2017,0.26666666666666666,4,1,0,1
10.5,2017,2.75,4,1,0,1
4.99,2021,3.1166666666666667,4,1,0,1
4.99,2019,4.166666666666667,4,1,1,1
4.99,2018,4.2,4,1,0,1
39.95,2020,6.25,4,1,0,1
4.99,2018,6.8,4,1,0,1
4.99,2019,6.816666666666666,4,1,0,1
4.99,2019,6.816666666666666,4,1,0,1
10.49,2020,18.0,4,0,1,1
19.99,2020,3.033333333333333,5,1,0,1
21.94,2021,4.65,5,1,0,1
21.94,2021,5.65,5,1,0,1
21.94,2021,6.266666666666667,5,1,0,1
4.99,2020,10.2,5,1,0,1
19.99,2019,12.366666666666667,5,1,1,1
9.99,2018,18.983333333333334,5,1,0,1
34.97,2019,20.566666666666666,5,1,0,1
29.99,2020,0.9666666666666667,6,1,1,1
17.97,2020,1.3833333333333333,6,1,1,1
10.5,2017,2.5166666666666666,6,1,0,1
4.99,2018,3.85,6,1,0,1
4.99,2018,4.3,6,1,0,1
4.99,2018,5.25,6,1,0,1
14.97,2020,8.383333333333333,6,1,0,1
29.94,2019,11.033333333333333,6,1,0,1
2.0,2020,11.466666666666667,6,1,0,1
2.0,2020,11.466666666666667,6,1,0,1
299.99,2021,11.483333333333333,6,1,0,1
32.07,2019,12.866666666666667,6,0,1,1
5.99,2020,13.533333333333333,6,1,1,1
21.0,2017,1.8666666666666667,0,1,0,1
10.95,2022,7.783333333333333,0,1,0,1
0.42,2019,8.35,0,1,1,1
0.42,2019,8.35,0,1,1,1
26.96,2020,15.0,0,0,0,1
4.99,2021,18.316666666666666,0,1,1,1
51.17,2019,19.783333333333335,0,0,0,1
20.0,2018,20.5,0,1,0,1
50.0,2018,20.516666666666666,0,1,0,1
50.0,2018,20.533333333333335,0,1,0,1
32.0,2020,21.533333333333335,0,1,0,1
30.0,2019,0.8666666666666667,1,1,0,1
30.0,2019,0.9,1,1,0,1
4.9,2018,1.3666666666666667,1,1,0,1
4.99,2019,2.2,1,1,0,1
4.9,2018,2.2666666666666666,1,1,0,1
49.99,2020,3.5,1,1,0,1
10.0,2021,4.783333333333333,1,1,0,1
4.99,2020,5.116666666666666,1,1,0,1
0.99,2025,6.783333333333333,1,1,0,1
24.99,2020,7.65,1,0,0,1
9.99,2019,7.7,1,0,0,1
32.08,2018,7.733333333333333,1,1,0,1
2.22,2024,8.716666666666667,1,1,0,1
2.22,2024,8.733333333333333,1,1,0,1
2.22,2024,8.816666666666666,1,1,0,1
2.22,2024,8.816666666666666,1,1,0,1
2.22,2024,8.866666666666667,1,1,0,1
32.08,2018,9.35,1,1,0,1
32.08,2018,9.35,1,1,0,1
32.08,2018,9.366666666666667,1,1,0,1
32.08,2018,10.133333333333333,1,1,0,1
32.08,2018,10.133333333333333,1,1,0,1
5.0,2020,10.233333333333333,1,1,0,1
32.08,2018,10.266666666666667,1,1,0,1
32.08,2018,10.4,1,1,0,1
32.08,2018,10.533333333333333,1,1,0,1
32.08,2021,11.766666666666667,1,1,0,1
43.59,2021,14.333333333333334,1,0,0,1
26.87,2018,17.5,1,0,1,1
10.75,2018,17.55,1,1,1,1
5.0,2018,20.133333333333333,1,1,1,1
50.0,2018,20.15,1,1,1,1
4.99,2020,21.133333333333333,1,1,0,1
17.97,2019,22.816666666666666,1,1,1,1
5.99,2020,23.433333333333334,1,1,1,1
29.99,2021,0.8,2,1,0,1
19.99,2021,0.9,2,1,0,1
19.99,2021,0.9166666666666666,2,1,0,1
19.99,2021,0.9333333333333333,2,1,0,1
8.99,2018,8.3,2,0,0,1
0.42,2019,10.133333333333333,2,1,1,1
30.0,2018,16.05,2,1,0,1
2.5,2021,20.983333333333334,2,1,1,1
2.55,2021,21.233333333333334,2,1,1,1
4.99,2021,0.6666666666666666,3,1,0,1
19.98,2019,5.466666666666667,3,0,0,1
4.9,2018,6.416666666666667,3,1,0,1
0.42,2019,14.1,3,1,1,1
5.0,2018,17.883333333333333,3,1,1,1
25.0,2018,17.883333333333333,3,1,1,1
10.0,2021,3.466666666666667,4,1,1,1
5.0,2021,3.5166666666666666,4,1,1,1
20.99,2023,3.6833333333333336,4,1,0,1
105.0,2017,4.683333333333334,4,1,0,1
100.0,2019,8.716666666666667,4,1,0,1
100.0,2019,8.75,4,1,0,1
300.0,2018,9.8,4,0,0,1
8.47,2019,15.5,4,1,1,1
4.23,2019,15.516666666666667,4,1,1,1
21.17,2019,15.616666666666667,4,0,1,1
224.24,2023,17.55,4,1,0,1
52.49,2018,17.916666666666668,4,1,1,1
19.99,2021,17.966666666666665,4,1,0,1
26.96,2021,18.316666666666666,4,0,0,1
19.99,2019,19.316666666666666,4,0,1,1
19.99,2020,19.35,4,1,0,1
11.85,2019,19.383333333333333,4,0,1,1
4.99,2021,20.15,4,1,1,1
40.09,2023,20.866666666666667,4,1,0,1
99.99,2021,21.983333333333334,4,1,0,1
14.99,2021,22.216666666666665,4,1,1,1
32.07,2019,22.3,4,1,0,1
32.07,2019,22.316666666666666,4,1,0,1
32.07,2019,22.333333333333332,4,1,0,1
32.07,2019,22.383333333333333,4,1,0,1
29.94,2017,2.15,5,1,0,1
4.9,2018,3.4833333333333334,5,1,0,1
99.99,2020,9.483333333333333,5,1,0,1
6.04,2017,18.633333333333333,5,1,1,1
9.99,2019,18.9,5,0,0,1
9.99,2019,18.933333333333334,5,0,0,1
5.24,2017,19.433333333333334,5,1,1,1
223.69,2023,20.633333333333333,5,1,0,1
4.99,2018,21.133333333333333,5,1,0,1
4.99,2020,22.583333333333332,5,1,1,1
52.5,2017,4.733333333333333,6,1,0,1
36.0,2018,7.1,6,1,0,1
8.99,2018,7.6,6,0,0,1
100.0,2020,9.65,6,1,1,1
100.0,2020,9.7,6,1,1,1
9.99,2019,15.6,6,0,0,1
31.94,2019,16.166666666666668,6,1,0,1
4.99,2019,16.333333333333332,6,1,0,1
42.86,2025,20.583333333333332,6,1,0,1
63.89,2017,21.083333333333332,6,1,0,1
9.99,2018,22.533333333333335,6,1,0,1
42.86,2025,0.1,0,1,0,1
9.99,2021,1.4833333333333334,0,0,0,1
9.99,2021,1.5,0,0,0,1
51.11,2021,6.766666666666667,0,1,0,1
42.86,2025,9.566666666666666,0,1,0,1
31.94,2024,15.383333333333333,0,1,0,1
4.99,2019,17.166666666666668,0,1,1,1
19.99,2018,18.7,0,1,0,1
31.94,2024,18.7,0,1,0,1
223.69,2023,18.933333333333334,0,1,0,1
19.99,2020,21.566666666666666,0,1,0,1
19.99,2018,1.1666666666666667,1,1,0,1
19.99,2020,1.7333333333333334,1,1,0,1
1.6,2021,2.283333333333333,1,1,0,1
19.99,2020,3.3666666666666667,1,1,0,1
19.99,2020,3.55,1,1,0,1
4.99,2021,4.116666666666666,1,1,1,1
223.4,2021,5.7,1,1,0,1
21.0,2017,9.166666666666666,1,1,0,1
32.09,2018,9.783333333333333,1,1,0,1
6.41,2017,14.016666666666667,1,1,0,1
64.15,2017,14.183333333333334,1,1,0,1
64.18,2017,14.233333333333333,1,1,0,1
49.99,2020,15.25,1,1,0,1
51.34,2024,16.35,1,1,0,1
51.34,2024,16.416666666666668,1,1,0,1
4.99,2023,17.333333333333332,1,1,1,1
51.34,2020,21.733333333333334,1,1,0,1
1.99,2018,22.516666666666666,1,1,0,1
32.13,2023,2.033333333333333,2,1,0,1
49.99,2020,5.933333333333334,2,1,0,1
27.75,2021,6.9,2,1,0,1
19.99,2018,8.666666666666666,2,1,0,1
52.48,2019,14.733333333333333,2,1,1,1
4.99,2019,15.933333333333334,2,1,0,1
5.57,2018,20.333333333333332,2,1,0,1
49.99,2017,20.5,2,1,0,1
99.99,2017,20.55,2,1,0,1
5.38,2018,20.783333333333335,2,1,1,1
51.41,2017,23.7,2,1,0,1
100.0,2019,1.1166666666666667,3,0,0,1
21.0,2017,7.933333333333334,3,1,0,1
21.0,2017,7.966666666666667,3,1,0,1
19.99,2018,8.316666666666666,3,1,0,1
6.24,2017,13.4,3,1,1,1
9.99,2020,15.416666666666666,3,1,0,1
101.14,2023,19.983333333333334,3,1,0,1
31.5,2022,22.35,3,1,0,1
49.99,2021,1.0,4,1,0,1
51.84,2019,1.1333333333333333,4,1,0,1
51.84,2021,2.1666666666666665,4,1,0,1
51.84,2018,3.3166666666666664,4,1,0,1
64.8,2018,3.45,4,1,0,1
29.99,2021,5.3,4,1,0,1
29.99,2021,5.316666666666666,4,1,0,1
29.99,2021,5.333333333333333,4,1,0,1
29.99,2021,5.366666666666666,4,1,0,1
19.99,2021,5.533333333333333,4,1,0,1
4.99,2021,11.716666666666667,4,1,1,1
4.99,2021,11.733333333333333,4,1,1,1
29.95,2017,15.716666666666667,4,1,0,1
29.99,2017,15.966666666666667,4,1,0,1
29.95,2017,16.766666666666666,4,1,0,1
29.99,2017,16.816666666666666,4,1,0,1
20.0,2018,19.1,4,1,1,1
21.0,2017,19.366666666666667,4,1,0,1
20.0,2018,19.383333333333333,4,1,1,1
8.39,2017,20.366666666666667,4,0,1,1
19.99,2018,22.183333333333334,4,1,0,1
9.99,2018,22.25,4,1,0,1
4.99,2018,22.35,4,1,0,1
99.99,2019,23.05,4,1,0,1
51.56,2021,1.9666666666666668,5,1,0,1
4.99,2019,2.4,5,1,1,1
9.99,2020,4.5,5,0,0,1
64.46,2021,4.966666666666667,5,1,0,1
64.43,2021,5.233333333333333,5,1,0,1
32.23,2023,6.083333333333333,5,1,0,1
32.23,2023,6.433333333333334,5,1,0,1
16.11,2020,6.6,5,1,0,1
24.99,2018,7.75,5,0,0,1
100.0,2017,7.783333333333333,5,1,1,1
21.56,2022,9.683333333333334,5,1,0,1
29.95,2018,9.816666666666666,5,1,0,1
29.99,2019,9.85,5,1,0,1
100.0,2017,9.866666666666667,5,1,1,1
28.2,2022,10.05,5,1,0,1
29.94,2020,10.133333333333333,5,1,0,1
100.0,2017,10.666666666666666,5,1,1,1
29.99,2018,12.05,5,1,0,1
29.95,2018,12.083333333333334,5,1,0,1
29.99,2018,12.466666666666667,5,1,0,1
19.99,2020,12.516666666666667,5,1,0,1
29.95,2018,12.8,5,1,0,1
29.95,2018,13.566666666666666,5,1,0,1
106.1,2021,15.533333333333333,5,1,1,1
51.17,2021,16.95,5,0,0,1
51.17,2021,17.016666666666666,5,0,0,1
20.99,2020,18.283333333333335,5,1,0,1
48.34,2021,18.6,5,1,0,1
29.99,2017,19.6,5,1,0,1
29.95,2017,19.8,5,1,0,1
4.99,2022,21.166666666666668,5,1,1,1
2.19,2019,23.466666666666665,5,1,1,1
51.53,2023,0.9,6,1,0,1
40.6,2018,3.45,6,1,0,1
10.5,2017,4.766666666666667,6,1,0,1
19.99,2020,6.266666666666667,6,1,0,1
19.99,2017,7.516666666666667,6,1,0,1
29.99,2018,9.183333333333334,6,1,0,1
29.95,2018,11.883333333333333,6,1,0,1
29.99,2018,13.833333333333334,6,1,0,1
29.95,2018,13.866666666666667,6,1,0,1
31.43,2021,14.166666666666666,6,1,1,1
24.99,2019,15.383333333333333,6,1,1,1
99.99,2020,16.183333333333334,6,1,0,1
99.99,2020,16.216666666666665,6,1,0,1
99.99,2020,16.266666666666666,6,1,0,1
29.94,2018,18.65,6,1,1,1
8.99,2018,18.65,6,1,1,1
1.99,2018,19.083333333333332,6,1,0,1
10.5,2018,19.783333333333335,6,1,0,1
13.53,2024,21.3,6,0,0,1
64.41,2020,22.116666666666667,6,1,0,1
17.97,2019,22.55,6,1,1,1
32.2,2023,22.916666666666668,6,1,0,1
11.13,2021,0.016666666666666666,0,1,0,1
4.99,2018,0.5333333333333333,0,1,1,1
1.64,2019,2.4166666666666665,0,1,1,1
5.57,2021,3.9833333333333334,0,1,0,1
51.52,2021,4.7,0,1,0,1
4.97,2019,12.983333333333333,0,1,0,1
9.95,2019,13.166666666666666,0,1,0,1
26.96,2021,16.4,0,0,0,1
29.94,2019,17.2,0,1,1,1
10.87,2017,17.283333333333335,0,0,0,1
19.99,2020,17.65,0,1,0,1
29.95,2018,18.666666666666668,0,1,0,1
29.99,2017,19.266666666666666,0,1,0,1
5.99,2018,21.2,0,1,1,1
47.05,2020,23.866666666666667,0,0,1,1
47.05,2020,23.883333333333333,0,0,1,1
45.01,2020,0.016666666666666666,1,1,1,1
45.01,2020,0.03333333333333333,1,1,1,1
45.01,2020,0.06666666666666667,1,1,1,1
47.06,2019,0.31666666666666665,1,0,0,1
6.18,2020,1.0,1,0,0,1
3.48,2020,1.3166666666666667,1,0,0,1
19.99,2018,2.7,1,1,0,1
21.54,2023,6.066666666666666,1,1,0,1
13.81,2023,6.716666666666667,1,1,0,1
4.99,2020,7.016666666666667,1,1,0,1
4.99,2020,7.033333333333333,1,1,0,1
4.99,2020,7.05,1,1,0,1
4.99,2017,7.05,1,1,0,1
39.99,2018,7.05,1,1,0,1
4.99,2021,7.066666666666666,1,1,0,1
4.99,2020,7.083333333333333,1,1,0,1
29.94,2020,7.1,1,1,1,1
4.99,2020,7.1,1,1,0,1
4.99,2020,7.1,1,1,0,1
14.99,2018,7.15,1,1,0,1
4.99,2020,7.15,1,1,0,1
5.99,2017,7.183333333333334,1,1,1,1
4.99,2020,7.183333333333334,1,1,0,1
4.99,2018,7.2,1,1,0,1
4.99,2018,7.216666666666667,1,1,0,1
4.99,2019,7.216666666666667,1,1,0,1
14.97,2019,7.233333333333333,1,1,0,1
4.99,2020,7.233333333333333,1,1,0,1
29.94,2020,7.233333333333333,1,1,1,1
4.99,2018,7.233333333333333,1,1,0,1
4.99,2019,7.233333333333333,1,1,0,1
19.99,2020,7.233333333333333,1,1,0,1
4.99,2018,7.25,1,1,0,1
4.99,2019,7.266666666666667,1,1,0,1
5.99,2018,7.266666666666667,1,1,1,1
4.99,2018,7.266666666666667,1,1,0,1
14.97,2019,7.266666666666667,1,1,0,1
4.99,2025,7.283333333333333,1,1,0,1
4.99,2021,7.3,1,1,0,1
4.99,2019,7.3,1,1,0,1
4.99,2020,7.3,1,1,0,1
4.99,2020,7.316666666666666,1,1,0,1
29.94,2018,7.316666666666666,1,1,0,1
4.99,2020,7.333333333333333,1,1,0,1
29.94,2018,7.333333333333333,1,1,0,1
4.99,2018,7.333333333333333,1,1,0,1
4.99,2020,7.333333333333333,1,1,0,1
29.94,2019,7.35,1,1,0,1
4.99,2020,7.35,1,1,0,1
14.97,2019,7.35,1,1,0,1
5.99,2017,7.35,1,1,1,1
4.99,2025,7.35,1,1,0,1
4.99,2020,7.366666666666666,1,1,0,1
4.99,2025,7.366666666666666,1,1,0,1
4.99,2021,7.383333333333334,1,1,0,1
4.99,2019,7.383333333333334,1,1,0,1
4.99,2020,7.383333333333334,1,1,0,1
4.99,2018,7.383333333333334,1,1,0,1
4.99,2022,7.383333333333334,1,1,0,1
4.99,2020,7.4,1,1,0,1
4.99,2018,7.416666666666667,1,1,0,1
4.99,2018,7.416666666666667,1,1,0,1
4.99,2019,7.416666666666667,1,1,0,1
4.99,2020,7.433333333333334,1,1,0,1
4.99,2018,7.433333333333334,1,1,0,1
4.99,2025,7.45,1,1,0,1
4.99,2018,7.466666666666667,1,1,0,1
29.94,2019,7.5,1,1,0,1
4.99,2018,7.5,1,1,0,1
4.99,2019,7.55,1,1,0,1
4.99,2019,7.55,1,1,0,1
4.99,2018,7.566666666666666,1,1,0,1
4.99,2027,7.566666666666666,1,1,1,1
25.0,2018,7.566666666666666,1,1,1,1
4.99,2018,7.583333333333333,1,1,0,1
4.99,2019,7.616666666666667,1,1,0,1
4.99,2017,7.616666666666667,1,1,0,1
29.94,2017,7.633333333333333,1,1,0,1
4.99,2021,7.633333333333333,1,1,0,1
4.99,2019,7.65,1,1,0,1
4.99,2021,7.65,1,1,0,1
4.99,2017,7.683333333333334,1,1,0,1
4.99,2022,7.7,1,1,0,1
5.99,2017,7.7,1,1,1,1
4.99,2019,7.716666666666667,1,1,0,1
4.95,2018,7.716666666666667,1,1,1,1
4.99,2019,7.733333333333333,1,1,0,1
4.99,2018,7.75,1,1,0,1
4.99,2018,7.75,1,0,0,1
14.99,2019,7.766666666666667,1,1,0,1
4.99,2018,7.766666666666667,1,1,0,1
4.99,2018,7.766666666666667,1,1,0,1
4.99,2017,7.766666666666667,1,1,0,1
5.99,2018,7.783333333333333,1,1,1,1
14.99,2019,7.783333333333333,1,1,0,1
4.99,2018,7.783333333333333,1,1,0,1
4.99,2024,7.783333333333333,1,1,0,1
4.99,2024,7.8,1,1,0,1
5.99,2019,7.8,1,1,1,1
4.99,2018,7.816666666666666,1,1,0,1
4.99,2020,7.816666666666666,1,1,0,1
4.99,2021,7.85,1,1,0,1
4.99,2021,7.866666666666667,1,1,0,1
4.99,2020,7.883333333333333,1,1,0,1
4.99,2021,7.883333333333333,1,1,0,1
4.99,2018,7.9,1,1,0,1
4.99,2017,7.9,1,1,0,1
4.99,2018,7.9,1,1,0,1
29.99,2020,7.9,1,1,0,1
4.99,2020,7.916666666666667,1,1,0,1
59.94,2019,7.916666666666667,1,1,0,1
4.99,2021,7.916666666666667,1,1,0,1
4.99,2019,7.933333333333334,1,1,0,1
4.99,2019,7.933333333333334,1,1,1,1
4.99,2024,7.95,1,1,0,1
4.99,2018,7.95,1,1,0,1
4.99,2019,7.95,1,1,0,1
4.99,2018,7.95,1,1,0,1
4.99,2021,7.966666666666667,1,1,0,1
4.99,2020,7.966666666666667,1,1,0,1
4.99,2021,7.983333333333333,1,1,0,1
5.99,2019,7.983333333333333,1,1,1,1
4.99,2019,7.983333333333333,1,1,0,1
4.99,2024,7.983333333333333,1,1,0,1
29.99,2020,7.983333333333333,1,1,0,1
4.99,2018,8.0,1,1,0,1
4.99,2022,8.016666666666667,1,1,1,1
4.99,2018,8.033333333333333,1,1,0,1
4.99,2022,8.05,1,1,1,1
14.97,2020,8.066666666666666,1,1,0,1
5.99,2019,8.066666666666666,1,1,1,1
4.99,2020,8.066666666666666,1,1,0,1
59.94,2019,8.066666666666666,1,1,0,1
4.99,2020,8.066666666666666,1,1,0,1
4.99,2019,8.083333333333334,1,1,0,1
4.99,2020,8.083333333333334,1,1,0,1
4.99,2020,8.083333333333334,1,1,0,1
4.99,2018,8.083333333333334,1,1,0,1
4.99,2018,8.083333333333334,1,1,0,1
9.9,2019,8.116666666666667,1,0,0,1
4.99,2017,8.116666666666667,1,1,0,1
4.99,2022,8.116666666666667,1,1,1,1
9.99,2020,8.133333333333333,1,1,0,1
4.99,2020,8.133333333333333,1,1,0,1
4.99,2018,8.133333333333333,1,1,0,1
4.99,2017,8.15,1,1,0,1
4.99,2017,8.15,1,1,0,1
4.99,2018,8.15,1,1,0,1
4.99,2022,8.166666666666666,1,1,1,1
4.99,2021,8.166666666666666,1,1,1,1
29.94,2019,8.183333333333334,1,1,0,1
59.94,2019,8.2,1,1,0,1
4.99,2020,8.216666666666667,1,1,0,1
29.94,2019,8.216666666666667,1,1,0,1
4.99,2018,8.216666666666667,1,1,1,1
4.99,2020,8.216666666666667,1,1,0,1
4.99,2018,8.233333333333333,1,1,0,1
4.99,2018,8.233333333333333,1,1,0,1
4.99,2018,8.233333333333333,1,1,0,1
4.99,2018,8.25,1,1,0,1
4.99,2018,8.266666666666667,1,1,0,1
14.97,2020,8.266666666666667,1,1,0,1
19.99,2018,8.366666666666667,1,1,0,1
5.99,2019,13.483333333333333,1,1,1,1
5.99,2019,13.483333333333333,1,1,1,1
29.99,2017,15.35,1,1,0,1
1.29,2019,17.0,1,1,1,1
9.98,2018,17.133333333333333,1,1,1,1
49.86,2018,17.15,1,1,1,1
99.71,2018,17.166666666666668,1,1,1,1
49.99,2020,17.183333333333334,1,1,0,1
78.61,2019,17.9,1,1,1,1
19.99,2021,19.95,1,1,0,1
19.99,2021,20.816666666666666,1,1,0,1
19.99,2021,20.9,1,1,0,1
57.97,2023,21.866666666666667,1,1,0,1
24.95,2020,22.2,1,1,0,1
5.99,2020,22.35,1,1,1,1
52.5,2017,3.5833333333333335,2,1,0,1
19.99,2021,4.65,2,1,0,1
19.99,2021,7.166666666666667,2,1,0,1
19.99,2021,7.183333333333334,2,1,0,1
19.99,2021,7.2,2,1,0,1
47.99,2019,7.733333333333333,2,0,0,1
49.99,2018,8.083333333333334,2,1,0,1
106.89,2018,8.666666666666666,2,1,0,1
0.61,2019,8.933333333333334,2,1,1,1
3.23,2023,9.45,2,1,0,1
64.78,2023,9.55,2,1,0,1
64.78,2023,9.75,2,1,0,1
19.99,2018,10.266666666666667,2,1,0,1
2.02,2019,11.8,2,1,1,1
104.99,2020,12.45,2,1,0,1
29.99,2018,15.4,2,1,0,1
9.99,2018,15.666666666666666,2,1,0,1
19.99,2021,16.65,2,1,0,1
29.99,2018,16.716666666666665,2,1,0,1
29.95,2018,16.766666666666666,2,1,0,1
4.99,2017,18.566666666666666,2,0,0,1
32.64,2017,21.5,2,1,0,1
51.82,2023,21.866666666666667,2,1,0,1
64.75,2020,21.983333333333334,2,1,0,1
35.62,2020,22.066666666666666,2,1,0,1
51.82,2020,22.1,2,1,0,1
64.75,2020,22.15,2,1,0,1
90.69,2020,22.216666666666665,2,1,0,1
6.47,2020,22.283333333333335,2,1,0,1
31.5,2020,22.466666666666665,2,1,0,1
65.2,2019,1.4833333333333334,3,1,0,1
51.17,2017,2.216666666666667,3,0,0,1
14.97,2017,2.783333333333333,3,1,0,1
47.6,2020,2.9,3,0,1,1
19.99,2018,3.6,3,1,0,1
19.99,2021,4.333333333333333,3,1,0,1
99.99,2020,4.9,3,1,0,1
99.99,2020,4.916666666666667,3,1,0,1
19.99,2020,5.333333333333333,3,1,0,1
52.16,2021,7.233333333333333,3,1,0,1
52.16,2021,7.383333333333334,3,1,0,1
9.99,2017,7.566666666666666,3,0,0,1
4.99,2019,9.383333333333333,3,1,0,1
19.99,2018,11.0,3,1,0,1
0.43,2019,15.2,3,1,1,1
29.99,2017,16.9,3,1,0,1
19.46,2017,16.916666666666668,3,1,0,1
73.98,2022,17.683333333333334,3,1,0,1
4.99,2020,19.25,3,1,0,1
10.13,2019,20.733333333333334,3,1,1,1
31.5,2020,21.016666666666666,3,1,0,1
4.99,2019,22.7,3,1,1,1
4.99,2019,22.766666666666666,3,1,1,1
4.99,2019,22.883333333333333,3,1,1,1
4.99,2019,22.916666666666668,3,1,1,1
26.11,2019,0.6666666666666666,4,1,0,1
69.0,2018,0.9333333333333333,4,1,0,1
99.99,2018,1.3166666666666667,4,1,0,1
29.94,2020,2.1166666666666667,4,1,0,1
58.55,2021,5.3,4,1,0,1
4.99,2017,5.75,4,1,0,1
19.99,2020,6.533333333333333,4,0,0,1
99.99,2020,6.85,4,1,0,1
29.99,2018,10.55,4,1,0,1
19.46,2018,10.583333333333334,4,1,0,1
14.97,2019,10.583333333333334,4,1,0,0
17.29,2020,10.583333333333334,4,1,1,0
0.86,2019,10.583333333333334,4,0,1,0
1.47,2019,10.583333333333334,4,1,1,0
1.73,2018,10.583333333333334,4,0,1,0
42.16,2020,10.6,4,1,1,0
8.65,2017,10.6,4,0,1,0
25.09,2017,10.6,4,1,1,0
0.9,2018,10.6,4,0,1,0
1.73,2018,10.6,4,1,1,0
0.95,2019,10.6,4,1,1,0
32.67,2018,10.6,4,1,1,0
0.86,2019,10.6,4,0,1,0
0.17,2018,10.6,4,0,1,0
20.0,2018,10.6,4,1,0,0
3.04,2020,10.6,4,1,0,0
4.08,2019,10.6,4,0,1,0
0.86,2018,10.6,4,1,1,0
6.9,2017,10.6,4,1,1,0
0.86,2017,10.6,4,0,1,0
1.81,2020,10.616666666666667,4,0,1,0
1.22,2017,10.616666666666667,4,1,1,0
0.17,2020,10.616666666666667,4,0,1,0
99.99,2021,10.616666666666667,4,1,0,0
3.13,2019,10.616666666666667,4,1,1,0
0.36,2018,10.616666666666667,4,0,1,0
4.99,2021,10.616666666666667,4,1,1,0
20.25,2018,10.616666666666667,4,1,1,0
0.86,2017,10.616666666666667,4,1,1,0
5.17,2019,10.616666666666667,4,1,1,0
19.99,2021,10.616666666666667,4,1,0,0
4.99,2017,10.616666666666667,4,1,0,0
5.45,2018,10.616666666666667,4,1,1,0
4.99,2018,10.616666666666667,4,1,0,0
17.49,2017,10.633333333333333,4,0,1,0
49.99,2017,10.633333333333333,4,1,0,0
19.06,2020,10.633333333333333,4,0,0,0
4.99,2017,10.633333333333333,4,1,0,0
0.51,2019,10.633333333333333,4,1,1,0
3.46,2019,10.633333333333333,4,1,1,0
72.21,2017,10.633333333333333,4,0,0,0
11.11,2020,10.633333333333333,4,1,0,0
2.64,2020,10.633333333333333,4,0,1,0
3.46,2019,10.633333333333333,4,1,1,0
30.0,2018,10.633333333333333,4,1,0,0
55.76,2019,10.633333333333333,4,1,1,0
1.55,2018,10.65,4,0,1,0
1.73,2019,10.65,4,0,1,0
17.3,2018,10.65,4,0,1,0
8.48,2019,10.65,4,1,1,0
0.86,2018,10.65,4,1,1,0
0.86,2019,10.65,4,0,1,0
4.99,2024,10.65,4,1,1,0
6.92,2017,10.65,4,1,1,0
4.99,2018,10.65,4,1,0,0
3.46,2019,10.65,4,1,1,0
39.95,2020,10.65,4,1,0,0
27.25,2021,10.65,4,1,1,0
3.46,2019,10.65,4,1,1,0
15.7,2017,10.666666666666666,4,1,0,0
29.97,2021,10.666666666666666,4,1,0,0
1.73,2017,10.666666666666666,4,1,1,0
0.86,2018,10.666666666666666,4,0,1,0
0.17,2017,10.666666666666666,4,0,1,0
3.46,2017,10.666666666666666,4,0,1,0
8.63,2019,10.666666666666666,4,0,1,0
0.86,2019,10.666666666666666,4,1,1,0
1.72,2018,10.666666666666666,4,0,1,0
13.84,2018,10.666666666666666,4,1,1,0
17.3,2018,10.666666666666666,4,0,1,0
2.42,2019,10.666666666666666,4,1,1,0
1.73,2017,10.666666666666666,4,0,1,0
5.71,2019,10.666666666666666,4,1,1,0
4.99,2020,10.683333333333334,4,1,0,0
3.15,2020,10.683333333333334,4,1,1,0
101.77,2020,10.683333333333334,4,1,1,0
4.99,2019,10.683333333333334,4,1,1,0
3.46,2017,10.683333333333334,4,1,1,0
2.11,2018,10.683333333333334,4,1,1,0
13.84,2018,10.683333333333334,4,1,1,0
10.48,2018,10.683333333333334,4,1,1,0
21.9,2018,10.7,4,1,1,0
4.99,2021,10.7,4,1,1,0
17.3,2018,10.7,4,0,1,0
3.46,2020,10.7,4,1,1,0
99.99,2019,10.7,4,1,1,0
0.86,2019,10.7,4,0,1,0
0.43,2019,10.7,4,1,1,0
8.89,2018,10.7,4,1,1,0
12.57,2017,10.7,4,1,1,0
4.99,2018,10.7,4,1,0,0
19.99,2019,10.7,4,1,0,0
6.03,2018,10.7,4,1,1,0
0.86,2021,10.7,4,1,1,0
14.99,2020,10.7,4,1,0,0
10.71,2017,10.7,4,0,1,0
0.36,2017,10.7,4,0,1,0
19.99,2018,10.7,4,1,0,0
19.99,2017,10.7,4,1,0,0
9.99,2019,10.7,4,1,0,0
9.99,2019,10.7,4,1,0,0
3.46,2018,10.716666666666667,4,1,1,0
2.63,2018,10.716666666666667,4,0,0,0
0.3,2018,10.716666666666667,4,0,1,0
14.97,2017,10.716666666666667,4,1,1,0
9.99,2018,10.716666666666667,4,1,0,0
34.59,2019,10.716666666666667,4,1,1,0
27.67,2018,10.716666666666667,4,1,1,0
17.3,2018,10.716666666666667,4,0,1,0
50.0,2020,10.716666666666667,4,1,0,0
49.99,2018,10.716666666666667,4,1,0,1
5.09,2018,10.716666666666667,4,1,1,0
20.0,2018,10.733333333333333,4,1,0,0
4.99,2018,10.733333333333333,4,1,0,0
0.86,2018,10.733333333333333,4,0,1,0
100.0,2017,10.733333333333333,4,1,0,0
6.04,2018,10.733333333333333,4,1,1,0
19.99,2020,10.733333333333333,4,1,0,0
15.86,2018,10.733333333333333,4,1,1,0
19.99,2018,10.733333333333333,4,1,0,0
4.99,2017,10.733333333333333,4,1,0,0
4.99,2019,10.733333333333333,4,1,0,0
6.86,2018,10.733333333333333,4,1,1,0
4.99,2021,10.733333333333333,4,1,0,0
50.0,2020,10.75,4,1,1,0
16.99,2017,10.75,4,0,0,0
8.29,2019,10.75,4,1,1,0
2.63,2018,10.75,4,0,0,0
29.99,2020,10.75,4,1,0,0
3.0,2019,10.75,4,0,1,0
0.17,2018,10.75,4,0,1,0
11.14,2017,10.75,4,0,1,0
24.99,2020,10.75,4,1,0,0
34.61,2017,10.75,4,1,1,0
9.99,2019,10.75,4,1,0,0
19.99,2018,10.75,4,1,0,0
8.65,2019,10.766666666666667,4,0,1,0
23.1,2017,10.766666666666667,4,1,0,0
1.9,2018,10.766666666666667,4,0,1,0
100.0,2020,10.766666666666667,4,1,0,0
5.89,2017,10.766666666666667,4,1,1,0
31.44,2018,10.766666666666667,4,1,0,0
0.9,2019,10.766666666666667,4,0,1,0
1.73,2019,10.766666666666667,4,0,1,0
0.18,2019,10.766666666666667,4,1,1,0
1.73,2019,10.766666666666667,4,0,1,0
0.43,2017,10.766666666666667,4,1,1,0
4.4,2018,10.766666666666667,4,0,0,0
0.18,2018,10.766666666666667,4,0,1,0
4.99,2019,10.766666666666667,4,1,0,0
1.05,2019,10.766666666666667,4,0,1,0
4.99,2019,10.766666666666667,4,1,0,0
6.92,2018,10.766666666666667,4,0,1,0
13.84,2017,10.783333333333333,4,1,1,0
10.0,2019,10.783333333333333,4,1,0,0
5.99,2019,10.783333333333333,4,1,1,0
9.99,2019,10.783333333333333,4,1,0,0
2.01,2020,10.783333333333333,4,1,1,0
0.86,2019,10.783333333333333,4,0,0,0
39.99,2020,10.783333333333333,4,1,0,0
3.46,2017,10.783333333333333,4,0,1,0
5.17,2018,10.783333333333333,4,1,1,0
24.99,2020,10.783333333333333,4,1,0,0
9.99,2019,10.783333333333333,4,1,0,0
19.99,2021,10.783333333333333,4,1,0,0
0.18,2019,10.783333333333333,4,0,1,0
4.99,2020,10.783333333333333,4,1,0,0
4.32,2020,10.783333333333333,4,1,1,0
2.63,2018,10.8,4,0,0,0
26.45,2021,10.8,4,1,1,0
1.47,2017,10.8,4,1,1,0
3.46,2019,10.8,4,1,1,0
2.72,2017,10.8,4,1,1,0
0.86,2018,10.8,4,0,1,0
4.99,2020,10.8,4,1,0,0
1.99,2019,10.8,4,1,0,0
14.97,2021,10.8,4,1,0,0
6.63,2021,10.8,4,1,1,0
1.38,2019,10.8,4,0,1,0
0.86,2018,10.8,4,1,1,0
8.66,2019,10.8,4,1,1,0
23.1,2017,10.8,4,1,0,0
3.46,2020,10.8,4,1,1,0
17.3,2019,10.8,4,1,1,0
52.45,2020,10.8,4,1,0,0
4.99,2018,10.8,4,1,0,0
0.75,2019,10.8,4,1,1,0
0.86,2019,10.816666666666666,4,0,1,0
0.43,2020,10.816666666666666,4,0,1,0
8.65,2019,10.816666666666666,4,0,1,0
14.99,2020,10.816666666666666,4,1,0,0
20.0,2020,10.816666666666666,4,1,0,0
1.57,2017,10.816666666666666,4,0,1,0
8.65,2017,10.816666666666666,4,1,1,0
1.27,2017,10.816666666666666,4,0,1,0
4.99,2018,10.816666666666666,4,1,0,0
8.3,2019,10.816666666666666,4,0,1,0
2.42,2017,10.816666666666666,4,1,1,0
16.96,2019,10.816666666666666,4,1,1,0
9.99,2020,10.816666666666666,4,1,0,0
30.0,2019,10.816666666666666,4,1,0,0
0.86,2017,10.816666666666666,4,1,1,0
4.99,2017,10.816666666666666,4,1,0,0
6.9,2017,10.816666666666666,4,1,1,0
9.6,2018,10.816666666666666,4,1,1,0
1.73,2019,10.833333333333334,4,0,1,0
4.99,2020,10.833333333333334,4,1,0,0
1.22,2021,10.833333333333334,4,0,1,0
33.33,2020,10.833333333333334,4,1,1,0
1.81,2019,10.833333333333334,4,0,1,0
39.99,2020,10.833333333333334,4,1,0,0
10.49,2020,10.833333333333334,4,1,0,0
1.73,2019,10.833333333333334,4,1,1,0
63.48,2018,10.833333333333334,4,1,1,0
3.03,2018,10.833333333333334,4,1,1,0
2.42,2019,10.833333333333334,4,1,1,0
2.04,2019,10.833333333333334,4,1,1,0
8.65,2020,10.833333333333334,4,1,1,0
1.81,2017,10.833333333333334,4,1,1,0
6.92,2020,10.833333333333334,4,1,1,0
1.73,2020,10.833333333333334,4,1,1,0
34.61,2018,10.833333333333334,4,1,1,0
1.73,2020,10.833333333333334,4,1,1,0
3.46,2019,10.833333333333334,4,1,1,0
8.34,2018,10.833333333333334,4,1,1,0
4.99,2020,10.85,4,1,0,0
4.99,2020,10.85,4,1,0,0
4.99,2018,10.85,4,1,0,0
4.15,2020,10.85,4,0,1,0
2.54,2021,10.85,4,1,1,0
1.81,2020,10.85,4,0,1,0
52.5,2018,10.85,4,1,0,0
4.87,2020,10.85,4,0,1,0
29.94,2020,10.85,4,1,0,0
2.16,2019,10.85,4,1,1,0
4.58,2020,10.85,4,1,1,0
17.3,2021,10.85,4,0,1,0
0.18,2019,10.85,4,0,1,0
19.99,2019,10.85,4,1,0,0
4.99,2020,10.85,4,1,0,0
4.99,2018,10.85,4,1,0,0
0.62,2019,10.866666666666667,4,0,1,0
12.97,2019,10.866666666666667,4,1,1,0
4.32,2018,10.866666666666667,4,1,1,0
6.9,2019,10.866666666666667,4,1,1,0
1.11,2020,10.866666666666667,4,0,1,0
1.47,2018,10.866666666666667,4,1,1,0
0.09,2017,10.866666666666667,4,0,1,0
9.86,2018,10.866666666666667,4,1,1,0
7.99,2018,10.866666666666667,4,0,0,0
0.51,2019,10.866666666666667,4,1,1,0
4.99,2020,10.866666666666667,4,1,0,0
0.17,2018,10.866666666666667,4,0,1,0
19.99,2021,10.883333333333333,4,1,1,0
43.26,2019,10.883333333333333,4,1,1,0
0.17,2017,10.883333333333333,4,0,1,0
4.59,2020,10.883333333333333,4,1,1,0
0.18,2020,10.883333333333333,4,0,1,0
5.27,2019,10.883333333333333,4,1,0,0
4.99,2020,10.883333333333333,4,1,0,0
3.46,2019,10.883333333333333,4,1,1,0
0.9,2020,10.883333333333333,4,0,1,0
8.65,2018,10.883333333333333,4,1,1,0
50.0,2017,10.883333333333333,4,1,0,0
6.84,2021,10.883333333333333,4,1,1,0
17.3,2021,10.9,4,0,1,0
3.46,2019,10.9,4,1,1,0
1.73,2017,10.9,4,1,1,0
50.0,2018,10.9,4,1,0,0
23.78,2018,10.9,4,1,1,0
34.59,2018,10.9,4,1,1,0
9.19,2019,10.9,4,0,1,0
1.73,2019,10.916666666666666,4,0,1,0
0.67,2018,10.916666666666666,4,0,1,0
0.8,2018,10.916666666666666,4,1,0,0
18.24,2017,10.916666666666666,4,0,1,0
29.99,2018,10.916666666666666,4,1,0,1
73.78,2018,10.916666666666666,4,1,1,0
4.45,2022,10.916666666666666,4,1,1,0
5.17,2017,10.916666666666666,4,1,1,0
12.98,2019,10.916666666666666,4,1,1,0
2.59,2019,10.916666666666666,4,1,1,0
12.97,2017,10.916666666666666,4,1,1,0
17.84,2018,10.916666666666666,4,1,1,0
10.09,2019,10.916666666666666,4,1,1,0
8.65,2019,10.916666666666666,4,0,1,0
2.04,2017,10.916666666666666,4,1,1,0
4.45,2022,10.916666666666666,4,1,1,0
4.99,2019,10.916666666666666,4,1,0,0
5.04,2017,10.916666666666666,4,0,1,0
7.99,2019,10.933333333333334,4,1,0,0
43.25,2019,10.933333333333334,4,1,1,0
8.89,2022,10.933333333333334,4,1,1,0
47.84,2018,10.933333333333334,4,1,1,0
0.86,2019,10.933333333333334,4,1,1,0
5.19,2019,10.933333333333334,4,1,1,0
7.99,2021,10.933333333333334,4,1,0,0
20.99,2017,10.933333333333334,4,0,0,0
100.0,2019,10.95,4,1,0,0
0.86,2019,10.95,4,0,1,0
29.99,2020,10.95,4,1,0,0
0.86,2017,10.95,4,1,1,0
0.62,2019,10.95,4,1,1,0
2.42,2017,10.95,4,1,1,0
0.86,2017,10.95,4,1,1,0
4.99,2022,10.95,4,1,1,0
7.99,2021,10.95,4,1,0,0
6.63,2018,10.95,4,1,1,0
7.5,2019,10.95,4,0,1,0
0.86,2019,10.95,4,1,1,0
19.46,2017,10.95,4,1,0,1
25.96,2018,10.95,4,1,1,0
43.26,2018,10.95,4,1,1,0
9.08,2017,10.95,4,0,1,0
1.5,2019,10.966666666666667,4,1,1,0
0.86,2018,10.966666666666667,4,1,1,0
39.99,2021,10.966666666666667,4,1,0,0
4.99,2021,10.966666666666667,4,1,1,0
3.46,2018,10.966666666666667,4,1,1,0
1.73,2019,10.966666666666667,4,1,1,0
30.0,2018,10.966666666666667,4,0,1,0
4.99,2022,10.966666666666667,4,1,1,0
2.51,2019,10.966666666666667,4,1,1,0
1.69,2022,10.966666666666667,4,0,1,0
19.99,2018,10.966666666666667,4,1,0,0
2.04,2017,10.966666666666667,4,1,1,0
39.99,2025,10.966666666666667,4,1,0,0
15.0,2019,10.983333333333333,4,1,0,0
2.78,2019,10.983333333333333,4,0,1,0
18.24,2017,10.983333333333333,4,0,1,0
1.73,2018,10.983333333333333,4,0,1,0
199.99,2018,10.983333333333333,4,1,0,0
1.73,2019,10.983333333333333,4,0,1,0
14.99,2019,10.983333333333333,4,1,0,0
1.47,2021,10.983333333333333,4,1,1,0
8.65,2018,10.983333333333333,4,1,1,0
0.86,2019,10.983333333333333,4,0,0,0
6.92,2019,10.983333333333333,4,1,1,0
0.17,2017,11.0,4,0,1,0
3.35,2020,11.0,4,1,1,0
0.9,2019,11.0,4,0,1,0
14.99,2019,11.0,4,1,0,0
17.3,2019,11.0,4,0,1,0
8.3,2018,11.0,4,0,1,0
1.81,2017,11.0,4,0,1,0
4.99,2019,11.0,4,1,0,0
48.44,2019,11.0,4,1,1,0
0.86,2017,11.0,4,1,1,0
50.0,2020,11.0,4,1,0,0
3.46,2018,11.0,4,1,1,0
19.98,2017,11.0,4,1,0,0
199.99,2018,11.0,4,1,1,0
0.17,2017,11.0,4,0,1,0
52.89,2017,11.0,4,1,1,0
21.16,2017,11.016666666666667,4,0,1,0
5.17,2019,11.016666666666667,4,1,1,0
12.98,2018,11.016666666666667,4,1,1,0
9.99,2019,11.016666666666667,4,1,0,0
10.37,2019,11.016666666666667,4,1,1,0
21.0,2019,11.016666666666667,4,1,1,0
1.11,2017,11.016666666666667,4,0,1,0
3.46,2019,11.016666666666667,4,1,1,0
0.86,2019,11.016666666666667,4,1,1,0
9.83,2020,11.016666666666667,4,1,1,0
15.86,2017,11.016666666666667,4,1,1,0
4.99,2020,11.016666666666667,4,1,0,0
4.99,2018,11.016666666666667,4,1,0,0
199.99,2018,11.016666666666667,4,1,1,0
29.99,2020,11.016666666666667,4,1,0,0
19.99,2019,11.016666666666667,4,1,0,0
69.23,2017,11.016666666666667,4,1,1,0
99.99,2019,11.016666666666667,4,1,0,0
5.0,2017,11.016666666666667,4,1,1,0
1.73,2018,11.033333333333333,4,0,1,0
1.73,2019,11.033333333333333,4,1,1,0
18.24,2017,11.033333333333333,4,0,1,0
0.84,2017,11.033333333333333,4,1,1,0
0.18,2017,11.033333333333333,4,0,1,0
1.73,2019,11.033333333333333,4,0,1,0
5.25,2019,11.033333333333333,4,1,0,0
1.0,2022,11.033333333333333,4,1,1,0
9.99,2020,11.033333333333333,4,1,0,0
2.54,2019,11.033333333333333,4,1,1,0
1.73,2018,11.033333333333333,4,0,1,0
30.38,2019,11.033333333333333,4,1,1,0
0.86,2018,11.033333333333333,4,0,1,0
20.06,2018,11.05,4,1,1,0
9.99,2018,11.05,4,1,0,0
13.22,2020,11.05,4,0,1,0
4.99,2019,11.05,4,1,1,0
59.99,2019,11.05,4,1,0,0
7.75,2018,11.05,4,1,1,0
9.99,2020,11.05,4,1,0,0
0.59,2017,11.05,4,0,1,0
10.37,2017,11.05,4,1,1,0
29.94,2018,11.05,4,1,0,0
12.98,2019,11.05,4,1,1,0
0.17,2017,11.05,4,0,1,0
8.65,2018,11.05,4,0,1,0
3.06,2019,11.05,4,1,1,0
6.04,2018,11.05,4,1,1,0
2.0,2018,11.066666666666666,4,1,1,0
35.0,2020,11.066666666666666,4,1,1,0
58.64,2019,11.066666666666666,4,0,1,0
2.42,2017,11.066666666666666,4,1,1,0
3.46,2019,11.066666666666666,4,0,1,0
8.65,2018,11.066666666666666,4,1,1,0
0.86,2017,11.066666666666666,4,1,1,0
42.0,2018,11.066666666666666,4,1,0,0
65.37,2017,11.066666666666666,4,1,1,0
0.86,2017,11.066666666666666,4,1,1,0
10.49,2021,11.066666666666666,4,1,1,0
1.73,2019,11.066666666666666,4,0,1,0
7.99,2020,11.066666666666666,4,1,0,0
1.47,2019,11.066666666666666,4,1,1,0
16.96,2018,11.066666666666666,4,1,1,0
3.09,2017,11.066666666666666,4,0,1,0
39.99,2019,11.083333333333334,4,1,0,0
25.09,2019,11.083333333333334,4,1,1,0
1.73,2021,11.083333333333334,4,1,1,0
34.99,2020,11.083333333333334,4,1,0,0
13.84,2019,11.083333333333334,4,1,1,0
27.67,2021,11.083333333333334,4,1,1,0
11.41,2017,11.083333333333334,4,0,1,0
17.3,2018,11.083333333333334,4,0,1,0
0.36,2019,11.083333333333334,4,0,1,0
13.84,2019,11.083333333333334,4,1,1,0
40.0,2020,11.083333333333334,4,1,0,0
19.99,2019,11.083333333333334,4,1,0,0
6.12,2018,11.083333333333334,4,1,1,0
1.73,2021,11.083333333333334,4,1,1,0
49.99,2020,11.1,4,1,0,0
6.36,2018,11.1,4,1,1,0
0.86,2019,11.1,4,1,1,0
20.25,2018,11.1,4,1,1,0
2.54,2019,11.1,4,1,1,0
25.09,2018,11.1,4,1,1,0
0.18,2017,11.1,4,0,1,0
1.73,2019,11.1,4,0,1,0
4.99,2019,11.1,4,1,1,0
20.76,2017,11.1,4,0,1,0
25.09,2019,11.1,4,1,1,0
49.99,2018,11.116666666666667,4,1,0,0
36.39,2017,11.116666666666667,4,1,1,0
0.34,2019,11.116666666666667,4,0,0,0
113.47,2020,11.116666666666667,4,1,0,0
4.99,2019,11.116666666666667,4,1,0,0
7.99,2018,11.116666666666667,4,1,0,0
2.42,2018,11.116666666666667,4,1,1,0
8.48,2018,11.116666666666667,4,1,1,0
18.17,2020,11.116666666666667,4,0,1,0
5.17,2019,11.116666666666667,4,1,1,0
0.45,2019,11.116666666666667,4,1,1,0
36.47,2018,11.116666666666667,4,1,0,0
17.3,2018,11.116666666666667,4,1,1,0
1.81,2018,11.116666666666667,4,0,1,0
1.73,2018,11.116666666666667,4,0,1,0
0.91,2019,11.133333333333333,4,0,1,0
100.0,2018,11.133333333333333,4,0,1,0
4.99,2024,11.133333333333333,4,1,1,0
25.96,2017,11.133333333333333,4,1,1,0
0.17,2019,11.133333333333333,4,0,1,0
99.99,2017,11.133333333333333,4,1,1,0
99.99,2019,11.133333333333333,4,0,0,0
4.99,2022,11.133333333333333,4,1,1,0
10.6,2019,11.133333333333333,4,0,1,0
65.29,2024,11.133333333333333,4,1,0,0
39.99,2020,11.133333333333333,4,1,0,0
1.73,2021,11.133333333333333,4,1,1,0
10.09,2019,11.133333333333333,4,1,1,0
0.34,2018,11.133333333333333,4,0,1,0
21.2,2020,11.15,4,1,1,0
14.99,2018,11.15,4,1,0,0
15.43,2019,11.15,4,1,1,0
34.99,2019,11.15,4,1,0,0
2.59,2019,11.15,4,1,1,0
8.65,2017,11.15,4,1,1,0
4.99,2020,11.15,4,1,0,0
15.0,2020,11.15,4,1,0,0
27.67,2019,11.15,4,1,1,0
2.04,2019,11.15,4,1,1,0
6.92,2017,11.15,4,1,1,0
14.97,2019,11.166666666666666,4,0,0,0
19.95,2020,11.166666666666666,4,1,0,0
3.46,2018,11.166666666666666,4,1,1,0
2.59,2020,11.166666666666666,4,1,1,0
0.3,2017,11.166666666666666,4,0,0,0
12.97,2018,11.166666666666666,4,1,1,0
3.46,2019,11.166666666666666,4,1,1,0
10.49,2017,11.166666666666666,4,1,1,0
0.86,2020,11.166666666666666,4,0,1,0
6.24,2017,11.166666666666666,4,1,1,0
2.57,2019,11.166666666666666,4,1,1,0
4.09,2018,11.166666666666666,4,0,1,0
9.09,2018,11.183333333333334,4,1,1,0
29.71,2018,11.183333333333334,4,1,1,0
10.36,2017,11.183333333333334,4,1,1,0
1.71,2019,11.183333333333334,4,0,1,0
5.19,2019,11.183333333333334,4,0,1,0
14.99,2020,11.183333333333334,4,1,0,0
9.99,2024,11.183333333333334,4,1,0,0
0.25,2018,11.183333333333334,4,0,1,0
6.32,2019,11.966666666666667,4,1,1,1
29.99,2017,12.566666666666666,4,1,0,1
19.46,2017,12.6,4,1,0,1
26.96,2021,17.733333333333334,4,0,0,1
29.99,2020,19.416666666666668,4,1,0,1
47.65,2020,19.916666666666668,4,0,1,1
47.65,2020,19.95,4,0,1,1
47.65,2020,20.0,4,0,1,1
47.65,2020,20.033333333333335,4,0,1,1
47.65,2020,20.083333333333332,4,0,1,1
47.65,2020,20.133333333333333,4,0,1,1
47.65,2020,20.166666666666668,4,0,1,1
24.95,2021,20.433333333333334,4,1,0,1
34.99,2020,22.116666666666667,4,1,0,1
99.99,2018,23.133333333333333,4,1,0,1
4.96,2018,1.0833333333333333,5,1,0,1
4.96,2019,3.5166666666666666,5,1,0,1
9.94,2019,5.25,5,1,0,1
9.94,2019,6.116666666666666,5,1,0,1
64.29,2021,6.716666666666667,5,1,0,1
26.4,2018,9.55,5,1,1,1
105.61,2018,9.566666666666666,5,1,1,1
19.46,2017,11.6,5,1,0,1
19.46,2017,12.116666666666667,5,1,0,1
29.99,2018,14.233333333333333,5,1,0,1
19.46,2018,14.266666666666667,5,1,0,1
19.46,2018,14.55,5,1,0,1
69.0,2017,15.983333333333333,5,1,0,1
99.99,2020,18.116666666666667,5,1,0,1
11.19,2021,20.983333333333334,5,1,0,1
105.61,2018,21.383333333333333,5,1,1,1
60.01,2021,21.7,5,0,0,1
104.99,2021,23.683333333333334,5,1,0,1
29.99,2021,2.6833333333333336,6,1,0,1
19.99,2020,3.6333333333333333,6,1,0,1
19.99,2018,6.2,6,1,0,1
4.99,2021,6.9,6,1,0,1
19.99,2018,8.516666666666667,6,1,0,1
29.99,2017,9.2,6,1,0,1
19.46,2017,9.266666666666667,6,1,0,1
29.99,2018,9.95,6,1,0,1
9.94,2021,11.883333333333333,6,1,0,1
19.99,2020,14.05,6,1,0,1
29.99,2017,14.316666666666666,6,1,0,1
19.46,2017,14.333333333333334,6,1,0,1
2.09,2020,14.65,6,1,0,1
110.89,2020,17.933333333333334,6,1,0,1
99.99,2018,18.45,6,1,0,1
20.99,2021,19.866666666666667,6,1,0,1
52.49,2021,19.933333333333334,6,1,0,1
5.94,2019,20.333333333333332,6,1,1,1
14.97,2022,22.0,6,1,1,1
16.03,2022,22.016666666666666,6,1,0,1
21.5,2022,22.316666666666666,6,1,0,1
99.99,2020,1.6666666666666665,0,0,0,1
5.75,2018,1.9666666666666668,0,1,0,1
5.75,2018,2.1333333333333333,0,1,0,1
70.02,2019,2.216666666666667,0,1,1,1
16.11,2017,2.55,0,1,0,1
5.75,2017,2.7666666666666666,0,1,0,1
19.99,2018,5.916666666666667,0,1,0,1
64.4,2017,6.3,0,1,0,1
4.99,2020,7.833333333333333,0,0,0,1
99.99,2018,8.216666666666667,0,1,0,1
4.99,2019,8.383333333333333,0,1,1,1
19.99,2020,10.016666666666667,0,1,0,1
95.83,2017,13.533333333333333,0,1,0,1
29.99,2017,14.316666666666666,0,1,0,1
29.99,2017,14.483333333333333,0,1,0,1
29.95,2018,14.566666666666666,0,1,0,1
14.97,2019,14.7,0,1,1,1
99.99,2020,15.5,0,0,0,1
5.75,2021,18.25,0,1,0,1
5.75,2021,18.383333333333333,0,1,0,1
49.99,2018,19.333333333333332,0,1,0,1
31.5,2020,23.3,0,1,0,1
31.5,2020,23.366666666666667,0,1,0,1
31.5,2020,23.433333333333334,0,1,0,1
31.5,2020,23.65,0,1,0,1
12.66,2019,1.8,1,1,1,1
9.94,2019,1.8833333333333333,1,1,0,1
9.94,2019,1.9333333333333333,1,1,0,1
19.99,2018,2.466666666666667,1,1,0,1
9.99,2018,2.4833333333333334,1,1,0,1
24.95,2019,5.95,1,1,0,1
99.99,2018,8.566666666666666,1,1,0,1
14.97,2020,9.733333333333333,1,1,0,1
29.99,2018,10.833333333333334,1,1,0,1
29.99,2017,13.4,1,1,0,1
29.99,2017,13.65,1,1,0,1
29.95,2017,13.683333333333334,1,1,0,1
5.99,2020,13.683333333333334,1,1,1,1
29.99,2017,13.766666666666667,1,1,0,1
110.09,2021,15.95,1,0,0,1
17.84,2018,16.883333333333333,1,0,0,1
16.99,2020,19.533333333333335,1,0,0,1
21.0,2020,21.2,1,1,0,1
26.47,2021,22.716666666666665,1,1,1,1
6.33,2019,22.733333333333334,1,1,1,1
105.89,2021,22.733333333333334,1,1,1,1
6.33,2019,23.033333333333335,1,1,1,1
12.02,2021,23.233333333333334,1,1,0,1
1.54,2024,3.1166666666666667,2,0,0,1
9.95,2021,4.816666666666666,2,1,0,1
4.99,2018,5.35,2,1,0,1
12.86,2020,5.883333333333333,2,1,0,1
16.07,2021,6.8,2,1,0,1
16.07,2021,7.0,2,1,0,1
25.72,2021,7.116666666666666,2,1,0,1
29.94,2020,7.233333333333333,2,1,0,1
9.99,2021,7.816666666666666,2,1,0,1
51.45,2017,8.116666666666667,2,1,0,1
64.29,2017,8.183333333333334,2,1,0,1
51.45,2020,8.8,2,1,0,1
45.02,2020,8.833333333333334,2,1,0,1
48.24,2024,9.116666666666667,2,1,0,1
99.99,2018,9.133333333333333,2,1,0,1
51.45,2024,9.2,2,1,0,1
12.86,2020,9.216666666666667,2,1,0,1
4.99,2018,9.25,2,1,0,1
64.32,2024,9.266666666666667,2,1,0,1
41.8,2020,9.283333333333333,2,1,0,1
64.29,2024,9.316666666666666,2,1,0,1
38.59,2024,9.383333333333333,2,1,0,1
51.45,2017,9.45,2,1,0,1
51.45,2020,9.45,2,1,0,1
51.13,2020,9.5,2,1,0,1
54.67,2020,9.55,2,1,0,1
16.07,2017,9.566666666666666,2,1,0,1
26.48,2021,11.583333333333334,2,1,1,1
29.99,2017,14.616666666666667,2,1,0,1
29.99,2017,15.7,2,1,0,1
29.99,2017,15.783333333333333,2,1,0,1
29.99,2018,16.9,2,1,0,1
13.79,2022,19.566666666666666,2,1,0,1
5.76,2024,21.916666666666668,2,1,0,1
5.76,2024,21.983333333333334,2,1,0,1
5.76,2024,22.133333333333333,2,1,0,1
1.54,2024,22.383333333333333,2,0,0,1
64.29,2017,22.866666666666667,2,1,0,1
64.32,2022,22.983333333333334,2,1,0,1
57.82,2017,23.083333333333332,2,1,0,1
64.32,2022,23.6,2,1,0,1
12.86,2017,0.18333333333333332,3,1,0,1
9.94,2019,0.2833333333333333,3,1,0,1
9.94,2019,0.9833333333333333,3,1,0,1
19.99,2020,2.5666666666666664,3,1,0,1
9.94,2019,3.1,3,1,0,1
49.77,2021,4.95,3,1,0,1
99.99,2020,5.3,3,1,0,1
99.99,2020,5.316666666666666,3,1,0,1
99.99,2020,5.366666666666666,3,1,0,1
4.99,2024,6.816666666666666,3,1,0,1
55.34,2024,7.483333333333333,3,1,0,1
19.9,2019,8.75,3,1,0,1
1.99,2018,9.3,3,1,0,1
4.99,2018,9.383333333333333,3,0,0,1
4.99,2018,9.45,3,0,0,1
64.31,2021,11.366666666666667,3,1,0,1
29.99,2020,11.4,3,1,0,1
48.23,2021,11.416666666666666,3,1,0,1
64.31,2021,11.466666666666667,3,1,0,1
105.42,2021,11.716666666666667,3,1,1,1
29.99,2017,14.55,3,1,0,1
29.99,2018,15.0,3,1,0,1
29.99,2018,17.033333333333335,3,1,0,1
29.99,2018,18.416666666666668,3,1,0,1
29.99,2017,19.433333333333334,3,1,0,1
34.99,2019,21.95,3,0,0,1
55.34,2020,22.3,3,1,1,1
55.34,2020,22.483333333333334,3,1,1,1
55.34,2020,22.566666666666666,3,1,1,1
7.99,2017,23.75,3,1,0,1
7.99,2017,23.833333333333332,3,1,0,1
7.99,2017,23.933333333333334,3,1,0,1
3.99,2018,0.43333333333333335,4,0,0,1
4.99,2020,0.5,4,1,1,1
2.99,2018,0.7333333333333333,4,0,0,1
114.21,2019,0.8166666666666667,4,1,0,1
41.25,2019,0.8833333333333333,4,1,0,1
72.95,2019,1.0,4,1,0,1
104.72,2019,1.0333333333333334,4,1,0,1
104.72,2019,1.0833333333333333,4,1,0,1
44.42,2019,1.1333333333333333,4,1,0,1
50.45,2019,1.15,4,1,0,1
1.52,2024,1.7166666666666668,4,0,0,1
24.99,2020,3.0166666666666666,4,1,0,1
2.63,2019,3.65,4,1,0,1
4.99,2024,6.633333333333333,4,1,0,1
14.97,2024,6.75,4,1,0,1
4.99,2019,11.416666666666666,4,1,1,1
4.99,2019,11.466666666666667,4,1,1,1
29.95,2017,15.7,4,1,0,1
4.99,2019,16.016666666666666,4,1,1,1
29.95,2017,16.366666666666667,4,1,0,1
4.99,2019,16.55,4,1,1,1
21.23,2023,16.95,4,1,0,1
4.99,2018,17.083333333333332,4,1,0,1
29.99,2020,17.883333333333333,4,1,0,1
4.18,2019,19.966666666666665,4,1,0,1
99.99,2020,23.35,4,1,0,1
17.97,2018,23.533333333333335,4,1,0,1
49.99,2018,23.533333333333335,4,1,0,1
9.95,2021,1.9833333333333334,5,1,0,1
26.61,2021,2.65,5,0,0,1
9.98,2024,5.75,5,1,0,1
50.68,2020,5.916666666666667,5,1,0,1
39.93,2024,5.966666666666667,5,1,0,1
63.35,2020,6.0,5,1,0,1
50.0,2021,7.233333333333333,5,0,0,1
99.98,2018,7.5,5,1,0,1
99.98,2018,7.666666666666667,5,1,0,1
23.76,2021,9.283333333333333,5,1,0,1
29.99,2017,9.483333333333333,5,1,0,1
4.99,2019,10.383333333333333,5,1,0,1
20.0,2020,11.616666666666667,5,1,0,1
57.95,2024,13.933333333333334,5,1,1,1
29.99,2017,14.55,5,1,0,1
29.95,2017,14.583333333333334,5,1,0,1
15.84,2024,16.666666666666668,5,1,0,1
100.0,2022,17.316666666666666,5,1,1,1
100.0,2019,17.75,5,1,1,1
3.8,2024,17.75,5,0,0,1
100.0,2022,18.0,5,0,1,1
100.0,2019,18.05,5,1,1,1
100.0,2019,18.116666666666667,5,1,1,1
100.0,2020,18.316666666666666,5,0,1,1
100.0,2018,18.416666666666668,5,1,1,1
44.95,2021,18.95,5,1,0,1
4.99,2024,19.35,5,1,0,1
4.99,2024,21.116666666666667,5,1,0,1
99.98,2018,22.216666666666665,5,1,0,1
34.99,2020,22.716666666666665,5,0,0,1
34.99,2020,22.933333333333334,5,0,0,1
34.99,2019,23.016666666666666,5,0,0,1
34.99,2020,23.266666666666666,5,0,0,1
34.99,2020,23.333333333333332,5,1,0,1
34.99,2019,23.433333333333334,5,0,0,1
4.99,2024,23.683333333333334,5,1,0,1
49.03,2019,0.1,6,1,0,1
99.99,2019,0.15,6,1,0,1
4.99,2020,1.6333333333333333,6,1,1,1
62.15,2023,1.7166666666666668,6,1,0,1
29.94,2017,1.8333333333333335,6,1,0,1
39.44,2023,2.7,6,1,0,1
18.15,2017,3.283333333333333,6,1,1,1
4.18,2019,4.233333333333333,6,1,0,1
63.35,2019,5.3,6,1,0,1
63.35,2019,5.383333333333334,6,1,0,1
1.95,2021,7.233333333333333,6,1,0,1
1.95,2021,7.566666666666666,6,1,0,1
84.99,2018,7.683333333333334,6,0,0,1
51.76,2018,8.316666666666666,6,1,0,1
50.68,2022,9.033333333333333,6,1,0,1
100.0,2018,11.466666666666667,6,1,0,1
100.0,2018,11.483333333333333,6,1,0,1
4.99,2018,11.5,6,1,1,1
23.76,2022,12.133333333333333,6,1,0,1
20.99,2022,13.666666666666666,6,1,0,1
5.52,2019,13.683333333333334,6,1,0,1
29.99,2018,13.75,6,1,0,1
29.95,2018,13.833333333333334,6,1,0,1
5.52,2019,14.216666666666667,6,1,0,1
100.0,2020,14.316666666666666,6,1,1,1
100.0,2020,14.333333333333334,6,1,1,1
29.99,2017,14.383333333333333,6,1,0,1
100.0,2022,16.783333333333335,6,1,1,1
100.0,2020,17.083333333333332,6,1,1,1
29.99,2018,19.366666666666667,6,1,0,1
29.95,2018,19.4,6,1,0,1
19.99,2020,20.266666666666666,6,1,0,1
13.59,2019,21.65,6,1,0,1
14.78,2021,21.733333333333334,6,1,0,1
34.99,2019,22.8,6,0,0,1
34.99,2019,23.033333333333335,6,0,0,1
10.49,2021,0.55,0,1,0,1
62.15,2021,1.55,0,1,0,1
7.95,2020,1.5666666666666667,0,0,0,1
5.99,2020,1.6333333333333333,0,0,0,1
9.99,2020,1.6666666666666665,0,0,0,1
44.38,2021,3.65,0,1,0,1
1.52,2024,4.85,0,0,0,1
29.99,2017,8.85,0,1,0,1
29.95,2017,8.966666666666667,0,1,0,1
29.99,2018,9.2,0,1,0,1
29.95,2018,9.283333333333333,0,1,0,1
29.99,2017,9.633333333333333,0,1,0,1
49.99,2018,12.883333333333333,0,1,0,1
29.99,2017,16.033333333333335,0,1,0,1
29.95,2018,16.366666666666667,0,1,0,1
10.0,2020,16.65,0,1,0,1
100.0,2022,16.733333333333334,0,0,1,1
29.95,2018,16.85,0,1,0,1
19.69,2021,19.55,0,1,0,1
30.0,2019,20.85,0,1,0,1
11.05,2024,21.433333333333334,0,1,0,1
1.63,2019,22.1,0,1,1,1
4.99,2019,22.683333333333334,0,0,1,1
69.0,2020,23.716666666666665,0,1,0,1
69.0,2020,23.783333333333335,0,1,0,1
69.0,2020,23.85,0,1,0,1
2.66,2019,2.033333333333333,1,1,0,1
4.95,2021,2.6333333333333333,1,1,0,1
100.0,2020,15.416666666666666,1,1,1,1
100.0,2020,15.916666666666666,1,1,1,1
29.99,2017,16.283333333333335,1,1,0,1
29.99,2017,17.216666666666665,1,1,0,1
29.95,2017,17.333333333333332,1,1,0,1
29.99,2017,18.633333333333333,1,1,0,1
29.95,2017,18.7,1,1,0,1
29.99,2017,18.916666666666668,1,1,0,1
29.95,2017,18.966666666666665,1,1,0,1
29.99,2017,19.116666666666667,1,1,0,1
21.47,2023,19.233333333333334,1,1,0,1
4.99,2021,21.65,1,1,0,1
21.47,2023,22.383333333333333,1,1,0,1
104.99,2023,22.55,1,1,0,1
100.0,2020,0.4166666666666667,2,1,0,1
83.38,2018,0.8333333333333334,2,1,0,1
16.68,2024,1.4666666666666668,2,1,0,1
10.49,2023,1.5166666666666666,2,1,0,1
11.12,2023,2.95,2,1,0,1
24.95,2021,5.316666666666666,2,1,0,1
41.99,2021,5.5,2,1,0,1
4.99,2018,5.983333333333333,2,0,0,1
222.41,2019,6.5,2,1,0,1
105.13,2023,6.533333333333333,2,1,0,1
100.0,2020,7.35,2,1,0,1
63.71,2023,7.4,2,1,0,1
299.99,2024,13.866666666666667,2,1,0,1
299.99,2024,13.9,2,1,0,1
20.0,2019,14.833333333333334,2,1,0,1
20.0,2019,14.85,2,1,0,1
29.99,2017,15.916666666666666,2,1,0,1
29.99,2017,17.7,2,1,0,1
29.95,2017,17.833333333333332,2,1,0,1
29.99,2018,17.933333333333334,2,1,0,1
30.0,2018,18.4,2,1,0,1
20.0,2018,18.8,2,1,0,1
13.66,2022,19.583333333333332,2,1,0,1
39.95,2021,19.966666666666665,2,1,0,1
10.01,2020,20.366666666666667,2,1,1,1
50.11,2020,20.383333333333333,2,1,1,1
44.66,2021,22.416666666666668,2,1,0,1
10.49,2023,22.65,2,1,0,1
10.49,2019,23.383333333333333,2,1,0,1
21.31,2023,23.4,2,1,0,1
3.99,2018,23.633333333333333,2,0,0,1
21.31,2023,23.733333333333334,2,1,0,1
9.99,2019,1.9166666666666665,3,0,0,1
16.99,2019,1.9333333333333333,3,0,0,1
4.99,2020,2.35,3,1,0,1
4.99,2020,3.65,3,1,0,1
4.99,2020,3.716666666666667,3,1,0,1
4.99,2020,3.783333333333333,3,1,0,1
14.97,2020,3.85,3,1,0,1
5.23,2020,5.566666666666666,3,1,0,1
1.5,2019,5.85,3,1,0,1
4.99,2020,9.216666666666667,3,1,0,1
4.99,2020,13.1,3,1,0,1
69.0,2020,14.35,3,1,0,1
50.0,2020,14.683333333333334,3,1,1,1
50.0,2020,14.7,3,1,1,1
50.0,2020,14.716666666666667,3,1,1,1
10.0,2020,15.1,3,1,1,1
1.0,2020,15.2,3,1,1,1
9.99,2020,15.283333333333333,3,1,0,1
100.0,2019,15.9,3,1,0,1
29.99,2017,16.683333333333334,3,1,0,1
19.99,2020,17.3,3,1,0,1
100.0,2022,17.4,3,1,0,1
25.23,2023,18.15,3,1,0,1
2.08,2020,18.333333333333332,3,1,1,1
1.51,2024,18.816666666666666,3,0,0,1
100.0,2019,18.833333333333332,3,1,0,1
100.0,2019,19.033333333333335,3,1,0,1
19.99,2021,19.816666666666666,3,1,0,1
299.99,2024,20.1,3,1,0,1
100.0,2018,20.283333333333335,3,1,1,1
3.99,2018,21.683333333333334,3,0,0,1
3.99,2018,21.7,3,0,0,1
3.99,2018,21.716666666666665,3,0,0,1
41.99,2018,22.783333333333335,3,1,0,1
4.99,2019,1.45,4,1,0,1
4.99,2018,1.55,4,0,0,1
39.99,2020,2.716666666666667,4,1,0,1
4.99,2018,4.016666666666667,4,1,0,1
4.99,2020,4.716666666666667,4,1,0,1
4.99,2020,4.816666666666666,4,1,0,1
4.99,2020,4.85,4,1,0,1
4.99,2020,4.916666666666667,4,1,0,1
14.97,2020,4.983333333333333,4,1,0,1
84.99,2018,7.516666666666667,4,0,0,1
10.49,2021,7.533333333333333,4,1,0,1
20.0,2021,8.366666666666667,4,1,1,1
50.0,2021,9.833333333333334,4,1,1,1
50.0,2021,9.9,4,1,1,1
50.0,2021,10.166666666666666,4,1,1,1
5.0,2021,12.3,4,1,1,1
5.0,2021,12.366666666666667,4,1,1,1
30.0,2021,14.866666666666667,4,1,1,1
29.99,2018,15.433333333333334,4,1,0,1
29.95,2017,15.483333333333333,4,1,0,1
1.0,2021,15.75,4,1,1,1
4.21,2019,16.616666666666667,4,1,1,1
21.07,2019,16.633333333333333,4,1,1,1
8.42,2019,16.683333333333334,4,1,1,1
6.14,2017,17.25,4,1,1,1
0.02,2022,18.716666666666665,4,1,1,1
50.0,2019,19.183333333333334,4,1,1,1
50.0,2019,19.233333333333334,4,1,1,1
10.49,2020,19.716666666666665,4,1,0,1
20.99,2020,19.766666666666666,4,1,0,1
7.99,2024,19.8,4,1,0,1
50.0,2021,20.366666666666667,4,1,1,1
50.0,2021,20.383333333333333,4,1,1,1
50.0,2021,20.483333333333334,4,1,1,1
50.0,2020,20.583333333333332,4,1,1,1
20.99,2020,20.733333333333334,4,1,0,1
20.99,2020,21.183333333333334,4,1,0,1
29.94,2020,23.3,4,1,1,1
4.99,2019,23.75,4,1,1,1
19.99,2017,0.9,5,1,0,1
10.5,2022,1.6666666666666665,5,1,0,1
299.99,2024,2.35,5,1,0,1
50.0,2021,2.8333333333333335,5,1,1,1
1.0,2020,3.0166666666666666,5,1,1,1
20.98,2020,3.283333333333333,5,1,0,1
10.49,2020,3.4,5,1,0,1
20.98,2020,4.733333333333333,5,1,0,1
50.0,2020,6.233333333333333,5,1,1,1
104.99,2019,6.5,5,1,0,1
50.0,2020,8.4,5,1,1,1
10.0,2021,9.616666666666667,5,1,1,1
20.0,2020,9.816666666666666,5,1,1,1
30.0,2020,10.066666666666666,5,1,1,1
30.0,2022,10.416666666666666,5,1,1,1
20.0,2018,10.783333333333333,5,1,0,1
29.95,2018,11.6,5,1,0,1
29.95,2019,12.316666666666666,5,1,0,1
29.95,2019,12.633333333333333,5,1,0,1
10.0,2021,13.266666666666667,5,1,1,1
99.99,2024,13.483333333333333,5,1,0,1
34.99,2018,13.566666666666666,5,0,0,1
104.99,2019,14.033333333333333,5,1,0,1
29.99,2018,14.083333333333334,5,1,0,1
5.0,2022,14.816666666666666,5,1,1,1
20.0,2022,16.35,5,1,1,1
2.09,2020,16.783333333333335,5,1,0,1
50.0,2020,16.866666666666667,5,1,1,1
148.77,2018,17.133333333333333,5,1,1,1
30.0,2019,17.45,5,1,1,1
30.0,2019,17.483333333333334,5,1,1,1
27.4,2022,19.466666666666665,5,1,0,1
104.99,2023,20.7,5,1,0,1
52.48,2023,20.85,5,1,0,1
10.0,2018,21.8,5,1,1,1
6.14,2017,23.283333333333335,5,1,1,1
52.48,2023,0.23333333333333334,6,1,0,1
6.24,2020,0.5166666666666667,6,1,1,1
6.24,2020,0.5166666666666667,6,1,1,1
5.89,2019,0.9166666666666666,6,0,1,1
20.95,2023,1.2166666666666668,6,1,0,1
1.0,2019,2.6333333333333333,6,1,0,1
1.5,2024,2.7666666666666666,6,0,0,1
50.1,2017,2.966666666666667,6,1,0,1
18.75,2017,5.916666666666667,6,1,0,1
1.5,2024,6.183333333333334,6,0,0,1
33.81,2023,6.2,6,1,0,1
62.63,2023,6.416666666666667,6,1,0,1
25.02,2023,6.466666666666667,6,1,0,1
25.05,2020,6.983333333333333,6,1,0,1
25.05,2023,7.383333333333334,6,1,0,1
100.0,2020,10.533333333333333,6,1,1,1
29.99,2019,14.733333333333333,6,0,0,1
29.95,2018,14.8,6,1,0,1
50.0,2019,15.616666666666667,6,1,1,1
108.19,2018,16.266666666666666,6,1,1,1
50.0,2017,16.283333333333335,6,1,1,1
50.0,2019,16.316666666666666,6,1,1,1
52.97,2018,16.416666666666668,6,1,1,1
50.0,2020,16.633333333333333,6,1,1,1
50.0,2017,19.1,6,1,1,1
50.0,2019,19.316666666666666,6,1,1,1
10.49,2023,19.9,6,1,0,1
111.24,2024,20.033333333333335,6,1,0,1
7.32,2021,20.433333333333334,6,1,0,1
49.95,2018,21.316666666666666,6,1,1,1
79.95,2021,22.616666666666667,6,1,0,1
99.99,2024,23.6,6,1,0,1
4.82,2022,5.9,0,1,0,1
49.99,2021,6.733333333333333,0,1,0,1
99.99,2020,7.216666666666667,0,1,0,1
8.99,2018,9.366666666666667,0,0,0,1
7.99,2018,9.533333333333333,0,0,0,1
24.99,2020,9.7,0,0,0,1
99.99,2020,12.216666666666667,0,1,0,1
99.99,2020,13.533333333333333,0,1,0,1
20.98,2023,13.6,0,1,0,1
100.0,2017,16.566666666666666,0,1,1,1
100.0,2017,16.666666666666668,0,1,0,1
29.99,2018,18.4,0,1,0,1
29.95,2018,18.45,0,1,0,1
52.97,2018,19.816666666666666,0,1,1,1
52.97,2018,19.833333333333332,0,1,1,1
20.95,2023,20.25,0,1,0,1
20.95,2023,20.366666666666667,0,1,0,1
49.99,2020,22.55,0,1,0,1
20.95,2023,22.65,0,1,0,1
29.95,2021,0.65,1,1,1,1
20.99,2023,1.5666666666666667,1,1,0,1
104.99,2019,2.9333333333333336,1,1,0,1
99.99,2020,3.8833333333333333,1,1,0,1
104.99,2019,6.366666666666666,1,1,0,1
104.99,2019,9.516666666666667,1,1,0,1
5.99,2020,9.616666666666667,1,1,0,1
104.99,2019,9.983333333333333,1,1,0,1
49.99,2020,14.25,1,1,0,1
6.04,2021,14.3,1,1,1,1
100.0,2017,15.566666666666666,1,1,1,1
100.0,2017,15.616666666666667,1,1,1,1
20.8,2021,17.5,1,1,0,1
8.91,2021,17.6,1,1,0,1
1.53,2024,17.733333333333334,1,0,0,1
1.53,2024,18.35,1,0,0,1
59.46,2024,18.783333333333335,1,1,0,1
13.31,2022,19.333333333333332,1,1,0,1
9.99,2024,19.683333333333334,1,1,0,1
20.99,2021,21.333333333333332,1,1,0,1
52.49,2019,22.466666666666665,1,1,0,1
8.91,2024,22.966666666666665,1,1,0,1
106.99,2018,23.633333333333333,1,1,1,1
13.66,2023,23.65,1,1,0,1
5.0,2019,23.966666666666665,1,1,1,1
20.87,2023,0.36666666666666664,2,1,0,1
10.43,2023,0.43333333333333335,2,1,0,1
63.04,2017,0.7,2,1,0,1
31.5,2021,0.9166666666666666,2,1,0,1
129.99,2020,2.15,2,1,0,1
44.95,2019,2.7333333333333334,2,1,0,1
2.0,2020,3.6333333333333333,2,1,0,1
78.84,2019,5.266666666666667,2,1,0,1
20.99,2017,5.583333333333333,2,1,0,1
7.34,2019,7.5,2,0,0,1
47.99,2017,7.766666666666667,2,0,0,1
63.04,2018,8.5,2,1,0,1
4.99,2019,8.533333333333333,2,1,0,1
26.32,2020,9.283333333333333,2,1,0,1
3.4,2023,10.95,2,0,0,1
99.99,2020,11.8,2,1,0,1
99.99,2020,12.35,2,1,0,1
54.19,2019,16.1,2,1,0,1
26.49,2023,16.3,2,0,0,1
100.0,2020,16.516666666666666,2,1,0,1
29.99,2018,16.533333333333335,2,1,0,1
100.0,2020,16.55,2,1,0,1
100.0,2018,16.866666666666667,2,1,0,1
29.99,2017,17.666666666666668,2,1,0,1
99.99,2020,18.266666666666666,2,1,0,1
29.95,2018,18.533333333333335,2,1,0,1
29.99,2017,18.616666666666667,2,1,0,1
31.53,2021,20.6,2,1,0,1
7.72,2023,20.966666666666665,2,1,0,1
99.99,2020,21.383333333333333,2,1,0,1
105.0,2020,2.7666666666666666,3,1,0,1
5.99,2017,2.8,3,1,1,1
4.99,2024,5.016666666666667,3,1,0,1
25.24,2017,6.4,3,1,0,1
6.99,2018,7.616666666666667,3,0,0,1
24.99,2018,7.766666666666667,3,0,0,1
4.99,2019,8.6,3,1,0,1
4.99,2019,9.533333333333333,3,1,0,1
4.99,2019,9.533333333333333,3,1,0,1
4.99,2019,9.583333333333334,3,1,0,1
4.99,2019,9.616666666666667,3,1,0,1
4.99,2019,9.683333333333334,3,1,0,1
4.99,2019,9.7,3,1,0,1
4.99,2019,9.766666666666667,3,1,0,1
4.99,2019,9.833333333333334,3,1,0,1
4.99,2019,9.833333333333334,3,1,0,1
4.99,2019,10.116666666666667,3,1,0,1
99.99,2020,10.266666666666667,3,1,0,1
29.95,2018,13.7,3,1,0,1
50.0,2023,13.716666666666667,3,1,0,1
23.69,2023,14.916666666666666,3,1,0,1
23.69,2023,16.966666666666665,3,1,0,1
100.0,2020,18.166666666666668,3,1,0,1
50.0,2020,18.183333333333334,3,1,0,1
100.0,2020,18.183333333333334,3,1,0,1
100.0,2020,18.2,3,1,0,1
8.39,2020,18.266666666666666,3,1,1,1
50.0,2017,18.466666666666665,3,1,0,1
50.0,2017,18.483333333333334,3,1,0,1
100.0,2017,18.516666666666666,3,1,0,1
63.0,2017,19.083333333333332,3,1,0,1
100.0,2021,19.716666666666665,3,1,0,1
99.99,2020,20.25,3,1,0,1
4.99,2017,21.916666666666668,3,1,0,1
5.99,2018,22.333333333333332,3,1,1,1
99.98,2021,22.45,3,1,0,1
99.98,2021,22.916666666666668,3,1,0,1
29.99,2019,23.75,3,1,0,1
6.09,2020,0.05,4,1,1,1
4.99,2018,1.4333333333333333,4,1,0,1
32.22,2023,1.8166666666666667,4,1,0,1
20.99,2021,3.4333333333333336,4,1,0,1
2.09,2020,3.533333333333333,4,1,0,1
20.99,2020,3.6333333333333333,4,1,0,1
29.94,2018,3.8333333333333335,4,1,0,1
10.5,2020,3.85,4,1,0,1
4.99,2019,4.35,4,1,0,1
29.94,2021,5.816666666666666,4,1,0,1
7.99,2019,6.833333333333333,4,0,0,1
32.37,2023,7.483333333333333,4,1,0,1
84.99,2018,7.516666666666667,4,0,0,1
4.99,2019,8.366666666666667,4,1,0,1
15.94,2023,8.75,4,1,0,1
25.76,2019,10.533333333333333,4,1,0,1
100.0,2019,10.566666666666666,4,1,0,1
100.0,2019,10.65,4,1,0,1
6.44,2019,10.816666666666666,4,1,0,1
104.99,2021,15.8,4,1,0,1
49.99,2021,15.866666666666667,4,1,0,1
19.89,2023,17.4,4,1,0,1
29.94,2021,18.316666666666666,4,1,0,1
100.0,2018,18.7,4,1,1,1
100.0,2018,18.766666666666666,4,1,1,1
100.0,2017,18.833333333333332,4,1,0,1
100.0,2017,18.85,4,1,0,1
9.99,2020,18.866666666666667,4,1,0,1
9.99,2020,18.883333333333333,4,1,0,1
100.0,2019,19.3,4,1,1,1
50.0,2020,19.333333333333332,4,1,0,1
50.0,2020,19.35,4,1,0,1
100.0,2020,19.35,4,1,0,1
24.16,2021,19.483333333333334,4,1,0,1
20.99,2020,20.066666666666666,4,1,0,1
28.19,2022,20.2,4,1,0,1
20.99,2020,20.3,4,1,0,1
10.49,2020,20.35,4,1,0,1
20.99,2020,21.933333333333334,4,1,1,1
11.26,2024,23.483333333333334,4,1,0,1
4.38,2019,1.3833333333333333,5,1,1,1
31.5,2019,2.8333333333333335,5,1,0,1
29.94,2021,3.466666666666667,5,1,0,1
32.03,2023,4.083333333333333,5,1,0,1
10.5,2022,4.75,5,1,0,1
30.02,2022,5.033333333333333,5,1,0,1
30.04,2022,5.55,5,1,0,1
21.43,2018,5.75,5,1,0,1
32.2,2021,7.016666666666667,5,1,0,1
100.0,2020,7.016666666666667,5,1,0,1
151.17,2018,16.433333333333334,5,1,1,1
4.9,2020,16.916666666666668,5,1,0,1
100.0,2019,17.95,5,1,0,1
100.0,2019,17.966666666666665,5,1,0,1
100.0,2020,18.05,5,1,0,1
11.21,2023,18.733333333333334,5,1,0,1
17.94,2023,18.9,5,1,0,1
100.0,2020,19.216666666666665,5,1,0,1
99.98,2021,19.3,5,1,0,1
17.94,2023,19.4,5,1,0,1
100.0,2020,19.65,5,1,0,1
11.21,2023,19.65,5,1,0,1
100.0,2020,19.65,5,1,0,1
100.0,2020,19.65,5,1,0,1
100.0,2020,19.65,5,1,0,1
100.0,2017,19.716666666666665,5,1,0,1
100.0,2017,19.75,5,1,0,1
5.0,2020,19.833333333333332,5,1,0,1
50.0,2020,19.85,5,1,0,1
100.0,2020,19.85,5,1,0,1
8.96,2021,22.483333333333334,5,1,0,1
9.95,2018,22.5,5,1,0,1
8.96,2021,22.533333333333335,5,1,0,1
7.84,2018,1.2166666666666668,6,1,0,1
100.0,2021,1.9,6,1,0,1
50.0,2021,2.033333333333333,6,1,0,1
30.0,2021,2.066666666666667,6,1,0,1
100.0,2018,4.8,6,1,1,1
100.0,2018,4.816666666666666,6,1,1,1
57.67,2024,5.216666666666667,6,1,0,1
100.0,2018,5.3,6,1,1,1
100.0,2018,5.35,6,1,1,1
51.26,2024,5.45,6,1,0,1
50.94,2024,5.566666666666666,6,1,0,1
41.65,2024,5.633333333333333,6,1,0,1
43.89,2024,6.033333333333333,6,1,0,1
29.15,2024,6.083333333333333,6,1,0,1
38.44,2024,6.2,6,1,0,1
79.1,2020,6.333333333333333,6,1,0,1
81.37,2020,6.383333333333334,6,1,0,1
47.41,2020,6.466666666666667,6,1,0,1
47.58,2021,6.616666666666667,6,1,0,1
50.21,2021,6.766666666666667,6,1,0,1
4.99,2022,8.05,6,1,0,1
100.0,2020,8.266666666666667,6,1,1,1
4.99,2020,10.083333333333334,6,1,0,1
9.99,2019,12.0,6,1,0,1
100.0,2021,13.733333333333333,6,1,0,1
100.0,2021,13.766666666666667,6,1,0,1
100.0,2021,13.8,6,1,0,1
29.99,2017,13.883333333333333,6,1,0,1
100.0,2019,14.366666666666667,6,1,0,1
34.99,2017,16.166666666666668,6,1,0,1
29.99,2019,16.45,6,1,0,1
24.99,2020,16.716666666666665,6,1,0,1
5.99,2018,17.216666666666665,6,1,1,1
14.95,2020,18.316666666666666,6,1,0,1
19.99,2021,18.4,6,1,0,1
53.83,2018,18.766666666666666,6,1,1,1
16.01,2024,18.866666666666667,6,1,0,1
100.0,2019,19.65,6,1,1,1
53.83,2018,19.716666666666665,6,1,1,1
50.0,2017,20.666666666666668,6,1,0,1
50.0,2017,20.683333333333334,6,1,0,1
24.03,2021,21.566666666666666,6,1,0,1
5.99,2018,22.666666666666668,6,1,1,1
32.03,2023,23.3,6,1,0,1
41.65,2023,23.483333333333334,6,1,0,1
25.63,2023,23.766666666666666,6,1,0,1
19.22,2023,23.833333333333332,6,1,0,1
32.04,2021,0.4666666666666667,0,1,0,1
14.97,2019,1.25,0,1,1,1
4.99,2019,1.3,0,1,1,1
29.94,2019,1.3666666666666667,0,1,1,1
2.48,2019,1.7,0,1,0,1
4.99,2019,1.7166666666666668,0,1,1,1
4.99,2019,2.283333333333333,0,1,1,1
4.99,2019,2.95,0,1,1,1
2.19,2017,3.6333333333333333,0,1,1,1
32.8,2023,5.05,0,1,0,1
19.22,2023,5.216666666666667,0,1,0,1
16.02,2021,7.4,0,1,0,1
64.05,2021,7.433333333333334,0,1,0,1
64.05,2017,7.75,0,1,0,1
50.94,2021,7.95,0,1,0,1
